"S. No.","Business Associate","Received From",Date,"Opening Balance","Total Received","Total Expense","Closing Balance"
1,AslamKhan,,21-09-2026,1061.00,0.00,0.00,1061.00
2,AslamKhan,"[{""from"":""Sumit bhai "",""amount"":""6710"",""type"":""cash""}]",20-09-2026,1061.00,6710.00,6710.00,1061.00
3,AslamKhan,"[{""from"":""Sumit bhai "",""amount"":""18200"",""type"":""cash""}]",19-09-2026,1061.00,18200.00,18200.00,1061.00
4,AslamKhan,,18-09-2026,1061.00,0.00,0.00,1061.00
5,AslamKhan,"[{""from"":""Sumit bhai "",""amount"":""5800"",""type"":""cash""},{""from"":""Sumit bhai "",""amount"":""5800"",""type"":""cash""}]",17-09-2026,1061.00,5800.00,5800.00,1061.00
6,AslamKhan,"[{""from"":""Sumit bhai "",""amount"":""13200"",""type"":""cash""}]",16-09-2026,1446.00,13200.00,13585.00,1061.00
7,AslamKhan,"[{""from"":""Sumit bhai "",""amount"":""57649"",""type"":""cash""}]",15-09-2026,410.00,57649.00,56613.00,1446.00
8,AslamKhan,"[{""from"":""Sumit bhai "",""amount"":""10500"",""type"":""cash""}]",14-09-2026,640.00,10500.00,10730.00,410.00
9,AslamKhan,"[{""from"":""Sumit bhai "",""amount"":""27100"",""type"":""cash""}]",13-09-2026,850.00,27100.00,27310.00,640.00
10,AslamKhan,"[{""from"":""Sumit bhai "",""amount"":""55795"",""type"":""cash""}]",12-09-2026,1060.00,55795.00,56005.00,850.00
11,AslamKhan,"[{""from"":""Sumit bhai "",""amount"":""6000"",""type"":""cash""}]",11-09-2026,660.00,6000.00,5600.00,1060.00
12,AslamKhan,"[{""from"":""Sumit bhai "",""amount"":""6500"",""type"":""cash""}]",10-09-2026,605.00,6500.00,6445.00,660.00
13,AslamKhan,"[{""from"":""Sumit bhai "",""amount"":""10000"",""type"":""cash""}]",09-09-2026,315.00,10000.00,9710.00,605.00
14,AslamKhan,"[{""from"":""Sumit bhai "",""amount"":""18820"",""type"":""cash""}]",08-09-2026,345.00,18820.00,18850.00,315.00
15,AslamKhan,"[{""from"":""Sumit bhai "",""amount"":""6380"",""type"":""cash""}]",07-09-2026,540.00,6380.00,6575.00,345.00
16,AslamKhan,"[{""from"":""Sumit bhai "",""amount"":""12390"",""type"":""cash""}]",06-09-2026,790.00,12390.00,12640.00,540.00
17,AslamKhan,"[{""from"":""Sumit bhai "",""amount"":""13600"",""type"":""cash""}]",05-09-2026,775.00,13600.00,13585.00,790.00
18,AslamKhan,"[{""from"":""Sumit bhai "",""amount"":""17800"",""type"":""cash""}]",04-09-2026,995.00,17800.00,18020.00,775.00
19,AslamKhan,"[{""from"":""Sumit bhai "",""amount"":""16500"",""type"":""cash""}]",03-09-2026,855.00,16500.00,16360.00,995.00
20,AslamKhan,"[{""from"":""Sumit bhai "",""amount"":""10000"",""type"":""cash""}]",02-09-2026,1015.00,10000.00,10160.00,855.00
21,AslamKhan,,01-09-2026,1015.00,0.00,0.00,1015.00
22,AslamKhan,"[{""from"":""Sumit bhai "",""amount"":""2500"",""type"":""cash""}]",31-08-2026,1315.00,2500.00,2800.00,1015.00
23,AslamKhan,"[{""from"":""Sumit bhai "",""amount"":""5500"",""type"":""cash""}]",30-08-2026,470.00,5500.00,4655.00,1315.00
24,AslamKhan,"[{""from"":""Sumit bhai "",""amount"":""2000"",""type"":""cash""}]",29-08-2026,400.00,2000.00,1930.00,470.00
25,AslamKhan,,28-08-2026,400.00,0.00,0.00,400.00
26,AslamKhan,"[{""from"":""Sumit bhai "",""amount"":""8000"",""type"":""cash""}]",27-08-2026,146.00,8000.00,7746.00,400.00
27,AslamKhan,"[{""from"":""Sumit bhai "",""amount"":""5500"",""type"":""cash""}]",26-08-2026,146.00,5500.00,5500.00,146.00
28,AslamKhan,"[{""from"":""Sumit bhai "",""amount"":""28800"",""type"":""cash""}]",25-08-2026,-29.00,28800.00,28625.00,146.00
29,AslamKhan,"[{""from"":""Sumit bhai "",""amount"":""5500"",""type"":""cash""}]",24-08-2026,91.00,5500.00,5620.00,-29.00
30,AslamKhan,"[{""from"":""Sumit bhai "",""amount"":""2500"",""type"":""cash""}]",23-08-2026,-269.00,2500.00,2140.00,91.00
31,AslamKhan,,22-08-2026,-269.00,0.00,0.00,-269.00
32,AslamKhan,,21-08-2026,-269.00,0.00,0.00,-269.00
33,AslamKhan,"[{""from"":""Sumit bhai "",""amount"":""11500"",""type"":""cash""}]",20-08-2026,-294.00,11500.00,11475.00,-269.00
34,AslamKhan,,19-08-2026,406.00,0.00,700.00,-294.00
35,AslamKhan,"[{""from"":""Sumit bhai "",""amount"":""5000"",""type"":""cash""}]",18-08-2026,-674.00,5000.00,3920.00,406.00
36,AslamKhan,"[{""from"":""Sumit bhai "",""amount"":""2000"",""type"":""cash""}]",17-08-2026,136.00,2000.00,2810.00,-674.00
37,AslamKhan,"[{""from"":""Sumit bhai "",""amount"":""7200"",""type"":""cash""}]",16-08-2026,196.00,7200.00,7260.00,136.00
38,AslamKhan,,15-08-2026,196.00,0.00,0.00,196.00
39,AslamKhan,"[{""from"":""Sumit bhai "",""amount"":""67700"",""type"":""cash""}]",14-08-2026,220.00,67700.00,67724.00,196.00
40,AslamKhan,"[{""from"":""Sumit bhai "",""amount"":""62700"",""type"":""cash""}]",13-08-2026,-230.00,62700.00,62250.00,220.00
41,AslamKhan,"[{""from"":""Sumit bhai "",""amount"":""21000"",""type"":""cash""}]",12-08-2026,0.00,21000.00,21230.00,-230.00
42,AslamKhan,"[{""from"":""Sumit bhai "",""amount"":""1860"",""type"":""cash""},{""from"":""Vinod arora D block "",""amount"":""200000"",""type"":""cash""}]",11-08-2026,196.00,201860.00,202056.00,0.00
43,AslamKhan,"[{""from"":""Sumit bhai "",""amount"":""17300"",""type"":""cash""}]",10-08-2026,116.00,17300.00,17220.00,196.00
44,AslamKhan,"[{""from"":""Sumit bhai "",""amount"":""53700"",""type"":""cash""}]",09-08-2026,1738.00,53700.00,55322.00,116.00
45,AslamKhan,"[{""from"":""Sumit bhai "",""amount"":""33400"",""type"":""cash""}]",08-08-2026,5622.00,33400.00,37284.00,1738.00
46,AslamKhan,"[{""from"":""Sumit bhai "",""amount"":""51450"",""type"":""cash""}]",07-08-2026,432.00,51450.00,46260.00,5622.00
47,AslamKhan,"[{""from"":""Sumit bhai "",""amount"":""195860"",""type"":""cash""}]",06-08-2026,342.00,195860.00,195770.00,432.00
48,AslamKhan,"[{""from"":""Sumit bhai "",""amount"":""38380"",""type"":""cash""}]",05-08-2026,42.00,38380.00,38080.00,342.00
49,AslamKhan,"[{""from"":""Sumit bhai "",""amount"":""15500"",""type"":""cash""}]",04-08-2026,42.00,15500.00,15500.00,42.00
50,AslamKhan,"[{""from"":""Sumit bhai "",""amount"":""1300"",""type"":""cash""}]",03-08-2026,264.00,1300.00,1522.00,42.00
51,AslamKhan,"[{""from"":""Sumit bhai "",""amount"":""7200"",""type"":""cash""}]",02-08-2026,714.00,7200.00,7650.00,264.00
52,AslamKhan,"[{""from"":""Sumit bhai "",""amount"":""8975"",""type"":""cash""}]",01-08-2026,639.00,8975.00,8900.00,714.00
53,AslamKhan,"[{""from"":""Sumit bhai "",""amount"":""30100"",""type"":""cash""}]",31-07-2026,634.00,30100.00,30095.00,639.00
54,AslamKhan,"[{""from"":""Sumit bhai "",""amount"":""15000"",""type"":""cash""}]",30-07-2026,34.00,15000.00,14400.00,634.00
55,AslamKhan,,29-07-2026,34.00,0.00,0.00,34.00
56,AslamKhan,"[{""from"":""Sumit bhai "",""amount"":""500"",""type"":""cash""}]",28-07-2026,434.00,500.00,900.00,34.00
57,AslamKhan,"[{""from"":""Sumit bhai "",""amount"":""9500"",""type"":""cash""}]",27-07-2026,914.00,9500.00,9980.00,434.00
58,AslamKhan,"[{""from"":""Sumit bhai "",""amount"":""8000"",""type"":""cash""}]",26-07-2026,984.00,8000.00,8070.00,914.00
59,AslamKhan,"[{""from"":""Sumit bhai "",""amount"":""3000"",""type"":""cash""},{""from"":""Vinod arora D block "",""amount"":""100000"",""type"":""cash""}]",25-07-2026,304.00,103000.00,102320.00,984.00
60,AslamKhan,"[{""from"":""Sumit bhai "",""amount"":""8000"",""type"":""cash""}]",24-07-2026,504.00,8000.00,8200.00,304.00
61,AslamKhan,"[{""from"":""Sumit bhai "",""amount"":""49136"",""type"":""cash""}]",23-07-2026,354.00,49136.00,48986.00,504.00
62,AslamKhan,,22-07-2026,354.00,0.00,0.00,354.00
63,AslamKhan,"[{""from"":""Sumit bhai "",""amount"":""500"",""type"":""cash""}]",21-07-2026,1064.00,500.00,1210.00,354.00
64,AslamKhan,"[{""from"":""Sumit bhai "",""amount"":""96900"",""type"":""cash""},{""from"":""Sumit bhai "",""amount"":""96900"",""type"":""cash""}]",20-07-2026,1544.00,96900.00,97380.00,1064.00
65,AslamKhan,"[{""from"":""Sumit bhai "",""amount"":""8100"",""type"":""cash""},{""from"":""Vinod arora D block "",""amount"":""100000"",""type"":""cash""}]",19-07-2026,174.00,108100.00,106730.00,1544.00
66,AslamKhan,,18-07-2026,174.00,0.00,0.00,174.00
67,AslamKhan,"[{""from"":""Sumit bhai "",""amount"":""2500"",""type"":""cash""}]",17-07-2026,-166.00,2500.00,2160.00,174.00
68,AslamKhan,"[{""from"":""Sumit bhai "",""amount"":""8500"",""type"":""cash""}]",16-07-2026,324.00,8500.00,8990.00,-166.00
69,AslamKhan,"[{""from"":""Vinod arora D block "",""amount"":""570"",""type"":""cash""}]",15-07-2026,565.00,570.00,811.00,324.00
70,AslamKhan,"[{""from"":""Sumit bhai "",""amount"":""30000"",""type"":""cash""}]",14-07-2026,565.00,30000.00,30000.00,565.00
71,AslamKhan,"[{""from"":""Sumit bhai "",""amount"":""85000"",""type"":""cash""}]",13-07-2026,565.00,85000.00,85000.00,565.00
72,AslamKhan,,12-07-2026,565.00,0.00,0.00,565.00
73,AslamKhan,"[{""from"":""Sumit bhai "",""amount"":""1500"",""type"":""cash""},{""from"":""Vinod arora D block "",""amount"":""150000"",""type"":""cash""}]",11-07-2026,-5.00,151500.00,150930.00,565.00
74,AslamKhan,"[{""from"":""Sumit bhai "",""amount"":""3000"",""type"":""cash""}]",10-07-2026,45.00,3000.00,3050.00,-5.00
75,AslamKhan,,09-07-2026,45.00,0.00,0.00,45.00
76,AslamKhan,"[{""from"":""Sumit bhai "",""amount"":""19000"",""type"":""cash""}]",08-07-2026,-135.00,19000.00,18820.00,45.00
77,AslamKhan,"[{""from"":""Sumit bhai "",""amount"":""33600"",""type"":""cash""}]",07-07-2026,-195.00,33600.00,33540.00,-135.00
78,AslamKhan,"[{""from"":""Sumit bhai "",""amount"":""6600"",""type"":""cash""}]",06-07-2026,-45.00,6600.00,6750.00,-195.00
79,AslamKhan,"[{""from"":""Sumit bhai "",""amount"":""19200"",""type"":""cash""}]",05-07-2026,-45.00,19200.00,19200.00,-45.00
80,AslamKhan,"[{""from"":""Sumit bhai "",""amount"":""60200"",""type"":""cash""}]",04-07-2026,595.00,60200.00,60840.00,-45.00
81,AslamKhan,"[{""from"":""Sumit bhai "",""amount"":""7000"",""type"":""cash""}]",03-07-2026,-85.00,7000.00,6320.00,595.00
82,AslamKhan,"[{""from"":""Sumit bhai "",""amount"":""4145"",""type"":""cash""}]",02-07-2026,27490.00,4145.00,31720.00,-85.00
83,AslamKhan,"[{""from"":""Sumit bhai "",""amount"":""350"",""type"":""cash""},{""from"":""Vinod arora D block "",""amount"":""50000"",""type"":""cash""}]",01-07-2026,180.00,50350.00,23040.00,27490.00
84,AslamKhan,"[{""from"":""Sumit bhai "",""amount"":""121500"",""type"":""cash""}]",30-06-2026,330.00,121500.00,121650.00,180.00
85,AslamKhan,"[{""from"":""Sumit bhai "",""amount"":""3740"",""type"":""cash""}]",29-06-2026,973.00,3740.00,4383.00,330.00
86,AslamKhan,,28-06-2026,973.00,0.00,0.00,973.00
87,AslamKhan,"[{""from"":""Manu bhai"",""amount"":""2000"",""type"":""cash""},{""from"":""Scrap becha"",""amount"":""1500"",""type"":""cash""}]",27-06-2026,23.00,3500.00,2550.00,973.00
88,AslamKhan,"[{""from"":""Sumit bhai "",""amount"":""26300"",""type"":""cash""}]",26-06-2026,-157.00,26300.00,26120.00,23.00
89,AslamKhan,"[{""from"":""Sumit bhai "",""amount"":""8850"",""type"":""cash""}]",25-06-2026,643.00,8850.00,9650.00,-157.00
90,AslamKhan,"[{""from"":""Sumit bhai "",""amount"":""10400"",""type"":""cash""}]",24-06-2026,593.00,10400.00,10350.00,643.00
91,AslamKhan,"[{""from"":""Sumit bhai "",""amount"":""10000"",""type"":""cash""}]",23-06-2026,5633.00,10000.00,15040.00,593.00
92,AslamKhan,"[{""from"":""Sumit bhai "",""amount"":""187500"",""type"":""cash""}]",22-06-2026,14348.00,187500.00,196215.00,5633.00
93,AslamKhan,"[{""from"":""Sumit bhai "",""amount"":""60000"",""type"":""cash""}]",21-06-2026,18948.00,60000.00,64600.00,14348.00
94,AslamKhan,"[{""from"":""Sumit bhai "",""amount"":""50000"",""type"":""cash""}]",20-06-2026,-972.00,50000.00,30080.00,18948.00
95,AslamKhan,"[{""from"":""Sumit bhai "",""amount"":""13000"",""type"":""cash""}]",19-06-2026,-2972.00,13000.00,11000.00,-972.00
96,AslamKhan,,18-06-2026,4208.00,0.00,7180.00,-2972.00
97,AslamKhan,"[{""from"":""Sumit bhai "",""amount"":""11500"",""type"":""cash""}]",17-06-2026,1708.00,11500.00,9000.00,4208.00
98,AslamKhan,"[{""from"":""Sumit bhai "",""amount"":""56600"",""type"":""cash""}]",16-06-2026,568.00,56600.00,55460.00,1708.00
99,AslamKhan,"[{""from"":""Sumit bhai "",""amount"":""4000"",""type"":""cash""}]",15-06-2026,868.00,4000.00,4300.00,568.00
100,AslamKhan,"[{""from"":""Sumit bhai "",""amount"":""4000"",""type"":""cash""}]",14-06-2026,658.00,4000.00,3790.00,868.00
101,AslamKhan,"[{""from"":""Sumit bhai "",""amount"":""4600"",""type"":""cash""}]",13-06-2026,1478.00,4600.00,5420.00,658.00
102,AslamKhan,"[{""from"":""Sumit bhai deepak wife bank account "",""amount"":""97200"",""type"":""cash""}]",12-06-2026,3978.00,97200.00,99700.00,1478.00
103,AslamKhan,,11-06-2026,3978.00,0.00,0.00,3978.00
104,AslamKhan,"[{""from"":"" Sumit bhai "",""amount"":""70600"",""type"":""cash""}]",10-06-2026,2598.00,70600.00,69220.00,3978.00
105,AslamKhan,"[{""from"":""Sumit bhai "",""amount"":""4550"",""type"":""cash""}]",09-06-2026,3348.00,4550.00,5300.00,2598.00
106,AslamKhan,"[{""from"":""Sumit bhai "",""amount"":""56800"",""type"":""cash""}]",08-06-2026,398.00,56800.00,53850.00,3348.00
107,AslamKhan,"[{""from"":""Sumit bhai "",""amount"":""5000"",""type"":""cash""}]",07-06-2026,938.00,5000.00,5540.00,398.00
108,AslamKhan,"[{""from"":""Sumit bhai "",""amount"":""1000"",""type"":""cash""},{""from"":""Vinod arora D block "",""amount"":""100000"",""type"":""cash""}]",06-06-2026,10.00,101000.00,100072.00,938.00
109,AslamKhan,"[{""from"":""Sumit bhai "",""amount"":""15000"",""type"":""cash""}]",05-06-2026,210.00,15000.00,15200.00,10.00
110,AslamKhan,"[{""from"":""Sumit bhai "",""amount"":""15600"",""type"":""cash""}]",04-06-2026,310.00,15600.00,15700.00,210.00
111,AslamKhan,"[{""from"":""Sumit bhai "",""amount"":""40000"",""type"":""cash""}]",03-06-2026,7720.00,40000.00,47410.00,310.00
112,AslamKhan,"[{""from"":""Sumit bhai "",""amount"":""66934"",""type"":""cash""}]",02-06-2026,7570.00,66934.00,66784.00,7720.00
113,AslamKhan,"[{""from"":""Sumit bhai "",""amount"":""2000"",""type"":""cash""}]",01-06-2026,7875.00,2000.00,2305.00,7570.00
114,AslamKhan,"[{""from"":""Sumit bhai "",""amount"":""200"",""type"":""cash""}]",31-05-2026,7875.00,200.00,200.00,7875.00
115,AslamKhan,"[{""from"":""Sumit bhai "",""amount"":""9200"",""type"":""cash""}]",30-05-2026,7875.00,9200.00,9200.00,7875.00
116,AslamKhan,"[{""from"":""Sumit bhai "",""amount"":""13000"",""type"":""cash""}]",29-05-2026,7875.00,13000.00,13000.00,7875.00
117,AslamKhan,,28-05-2026,7875.00,0.00,0.00,7875.00
118,AslamKhan,"[{""from"":""Sumit bhai "",""amount"":""22000"",""type"":""cash""}]",27-05-2026,9555.00,22000.00,23680.00,7875.00
119,AslamKhan,"[{""from"":""Sumit bhai "",""amount"":""129420"",""type"":""cash""}]",26-05-2026,475.00,129420.00,120340.00,9555.00
120,AslamKhan,"[{""from"":""Sumit bhai "",""amount"":""6550"",""type"":""cash""}]",25-05-2026,725.00,6550.00,6800.00,475.00
121,AslamKhan,"[{""from"":""Sumit bhai "",""amount"":""7718"",""type"":""cash""},{""from"":""Jitendra Bhati Pandav Nagar "",""amount"":""31335"",""type"":""cash""}]",24-05-2026,-250.00,39053.00,38078.00,725.00
122,AslamKhan,,23-05-2026,-250.00,0.00,0.00,-250.00
123,AslamKhan,"[{""from"":""Sumit bhai "",""amount"":""23000"",""type"":""cash""}]",22-05-2026,-450.00,23000.00,22800.00,-250.00
124,AslamKhan,"[{""from"":""Sumit bhai "",""amount"":""10600"",""type"":""cash""}]",21-05-2026,410.00,10600.00,11460.00,-450.00
125,AslamKhan,"[{""from"":""Sumit bhai "",""amount"":""101850"",""type"":""cash""},{""from"":""Vinod arora "",""amount"":""100000"",""type"":""cash""}]",20-05-2026,460.00,201850.00,201900.00,410.00
126,AslamKhan,"[{""from"":""Sumit bhai "",""amount"":""150850"",""type"":""cash""}]",19-05-2026,1390.00,150850.00,151780.00,460.00
127,AslamKhan,"[{""from"":""Sumit bhai "",""amount"":""105000"",""type"":""cash""},{""from"":""Jitendra Bhati Pandav Nagar "",""amount"":""100000"",""type"":""cash""}]",18-05-2026,6180.00,205000.00,209790.00,1390.00
128,AslamKhan,"[{""from"":""Sumit bhai "",""amount"":""11970"",""type"":""cash""},{""from"":""Ashutosh Yadav"",""amount"":""7300"",""type"":""cash""}]",17-05-2026,400.00,19270.00,13490.00,6180.00
129,AslamKhan,"[{""from"":""Sumit bhai "",""amount"":""1890"",""type"":""cash""}]",16-05-2026,320.00,1890.00,1810.00,400.00
130,AslamKhan,"[{""from"":""Sumit bhai "",""amount"":""32500"",""type"":""cash""}]",15-05-2026,820.00,32500.00,33000.00,320.00
131,AslamKhan,"[{""from"":""Sumit bhai "",""amount"":""1410"",""type"":""cash""}]",14-05-2026,1820.00,1410.00,2410.00,820.00
132,AslamKhan,"[{""from"":""Sumit bhai "",""amount"":""30700"",""type"":""cash""}]",13-05-2026,1790.00,30700.00,30670.00,1820.00
133,AslamKhan,"[{""from"":""Sumit bhai "",""amount"":""9933"",""type"":""cash""}]",12-05-2026,2685.00,9933.00,10828.00,1790.00
134,AslamKhan,"[{""from"":""Sumit bhai "",""amount"":""2600"",""type"":""cash""}]",11-05-2026,3435.00,2600.00,3350.00,2685.00
135,AslamKhan,"[{""from"":""Sumit bhai "",""amount"":""28188"",""type"":""cash""}]",10-05-2026,3985.00,28188.00,28738.00,3435.00
136,AslamKhan,"[{""from"":""Sumit bhai "",""amount"":""5000"",""type"":""cash""}]",09-05-2026,2205.00,5000.00,3220.00,3985.00
137,AslamKhan,"[{""from"":""Sumit bhai "",""amount"":""17000"",""type"":""cash""}]",08-05-2026,2725.00,17000.00,17520.00,2205.00
138,AslamKhan,"[{""from"":""Sumit bhai "",""amount"":""26500"",""type"":""cash""}]",07-05-2026,4375.00,26500.00,28150.00,2725.00
139,AslamKhan,"[{""from"":""Sumit bhai "",""amount"":""49720"",""type"":""cash""}]",06-05-2026,1355.00,49720.00,46700.00,4375.00
140,AslamKhan,"[{""from"":""Sumit bhai "",""amount"":""29800"",""type"":""cash""}]",05-05-2026,2855.00,29800.00,31300.00,1355.00
141,AslamKhan,"[{""from"":""Sumit bhai"",""amount"":""61400"",""type"":""cash""}]",04-05-2026,2465.00,61400.00,61010.00,2855.00
142,AslamKhan,"[{""from"":""Sumit bhai "",""amount"":""6000"",""type"":""cash""}]",03-05-2026,2495.00,6000.00,6030.00,2465.00
143,AslamKhan,"[{""from"":""Sumit bhai "",""amount"":""8000"",""type"":""cash""}]",02-05-2026,7275.00,8000.00,12780.00,2495.00
144,AslamKhan,"[{""from"":""Sumit bhai "",""amount"":""24850"",""type"":""cash""}]",01-05-2026,17515.00,24850.00,35090.00,7275.00
145,AslamKhan,"[{""from"":""Sumit bhai "",""amount"":""60000"",""type"":""cash""}]",30-04-2026,2705.00,60000.00,45190.00,17515.00
146,AslamKhan,"[{""from"":""Sumit bhai "",""amount"":""19000"",""type"":""cash""}]",29-04-2026,495.00,19000.00,16790.00,2705.00
147,AslamKhan,"[{""from"":""Sumit bhai "",""amount"":""2400"",""type"":""cash""}]",28-04-2026,595.00,2400.00,2500.00,495.00
148,AslamKhan,"[{""from"":""Sumit bhai "",""amount"":""61570"",""type"":""cash""}]",27-04-2026,355.00,61570.00,61330.00,595.00
149,AslamKhan,"[{""from"":""Sumit bhai "",""amount"":""3200"",""type"":""cash""}]",26-04-2026,455.00,3200.00,3300.00,355.00
150,AslamKhan,"[{""from"":""Sumit bhai "",""amount"":""30000"",""type"":""cash""}]",25-04-2026,775.00,30000.00,30320.00,455.00
151,AslamKhan,"[{""from"":""Sumit bhai "",""amount"":""20000"",""type"":""cash""}]",24-04-2026,11150.00,20000.00,30375.00,775.00
152,AslamKhan,"[{""from"":""Sumit bhai "",""amount"":""52800"",""type"":""cash""}]",23-04-2026,21350.00,52800.00,63000.00,11150.00
153,AslamKhan,"[{""from"":""Sumit bhai "",""amount"":""100000"",""type"":""cash""}]",22-04-2026,206.00,100000.00,78856.00,21350.00
154,AslamKhan,"[{""from"":""Sumit bhai "",""amount"":""54050"",""type"":""cash""}]",21-04-2026,706.00,54050.00,54550.00,206.00
155,AslamKhan,"[{""from"":""Sumit bhai "",""amount"":""42932"",""type"":""cash""}]",20-04-2026,1922.00,42932.00,44148.00,706.00
156,AslamKhan,"[{""from"":""Sumit bhai "",""amount"":""10000"",""type"":""cash""}]",19-04-2026,3202.00,10000.00,11280.00,1922.00
157,AslamKhan,"[{""from"":""Sumit bhai "",""amount"":""40000"",""type"":""cash""}]",18-04-2026,617.00,40000.00,37415.00,3202.00
158,AslamKhan,"[{""from"":""Sumit bhai "",""amount"":""5000"",""type"":""cash""}]",17-04-2026,7717.00,5000.00,12100.00,617.00
159,AslamKhan,"[{""from"":""Sumit bhai "",""amount"":""64100"",""type"":""cash""}]",16-04-2026,-1553.00,64100.00,54830.00,7717.00
160,AslamKhan,"[{""from"":""Sumit bhai "",""amount"":""24150"",""type"":""cash""}]",15-04-2026,-53.00,24150.00,25650.00,-1553.00
161,AslamKhan,"[{""from"":""Sumit bhai "",""amount"":""38330"",""type"":""cash""}]",14-04-2026,527.00,38330.00,38910.00,-53.00
162,AslamKhan,"[{""from"":""Sumit bhai "",""amount"":""108335"",""type"":""cash""}]",13-04-2026,857.00,108335.00,108665.00,527.00
163,AslamKhan,"[{""from"":""Sumit bhai "",""amount"":""21450"",""type"":""cash""}]",12-04-2026,-10243.00,21450.00,10350.00,857.00
164,AslamKhan,,11-04-2026,2007.00,0.00,12250.00,-10243.00
165,AslamKhan,"[{""from"":""Sumit bhai "",""amount"":""11750"",""type"":""cash""}]",10-04-2026,2997.00,11750.00,12740.00,2007.00
166,AslamKhan,"[{""from"":""Sumit bhai "",""amount"":""82020"",""type"":""cash""}]",09-04-2026,107.00,82020.00,79130.00,2997.00
167,AslamKhan,"[{""from"":""Sumit bhai "",""amount"":""5500"",""type"":""cash""}]",08-04-2026,1222.00,5500.00,6615.00,107.00
168,AslamKhan,"[{""from"":""Sumit bhai "",""amount"":""8000"",""type"":""cash""}]",07-04-2026,302.00,8000.00,7080.00,1222.00
169,AslamKhan,"[{""from"":""Sumit bhai "",""amount"":""63900"",""type"":""cash""}]",06-04-2026,-298.00,63900.00,63300.00,302.00
170,AslamKhan,"[{""from"":""Sumit bhai "",""amount"":""45500"",""type"":""cash""},{""from"":""Sumit bhai "",""amount"":""45500"",""type"":""cash""}]",05-04-2026,102.00,45500.00,45900.00,-298.00
171,AslamKhan,"[{""from"":""Sumit bhai "",""amount"":""13660"",""type"":""cash""}]",04-04-2026,552.00,13660.00,14110.00,102.00
172,AslamKhan,"[{""from"":""Sumit bhai "",""amount"":""54600"",""type"":""cash""}]",03-04-2026,302.00,54600.00,54350.00,552.00
173,AslamKhan,,02-04-2026,302.00,0.00,0.00,302.00
174,AslamKhan,"[{""from"":""Sumit bhai "",""amount"":""53800"",""type"":""cash""}]",01-04-2026,1582.00,53800.00,55080.00,302.00
175,AslamKhan,"[{""from"":""Sumit bhai"",""amount"":""65350"",""type"":""cash""}]",31-03-2026,1102.00,65350.00,64870.00,1582.00
176,AslamKhan,"[{""from"":""Sumit bhai "",""amount"":""45850"",""type"":""cash""}]",30-03-2026,3612.00,45850.00,48360.00,1102.00
177,AslamKhan,"[{""from"":""Sumit bhai "",""amount"":""10000"",""type"":""cash""}]",29-03-2026,1032.00,10000.00,7420.00,3612.00
178,AslamKhan,"[{""from"":""Manu bhai "",""amount"":""3000"",""type"":""cash""}]",28-03-2026,1787.00,3000.00,3755.00,1032.00
179,AslamKhan,"[{""from"":""Sumit bhai "",""amount"":""52100"",""type"":""cash""}]",27-03-2026,2127.00,52100.00,52440.00,1787.00
180,AslamKhan,"[{""from"":""Sumit bhai "",""amount"":""27000"",""type"":""cash""}]",26-03-2026,3027.00,27000.00,27900.00,2127.00
181,AslamKhan,"[{""from"":""Sumit bhai "",""amount"":""23600"",""type"":""cash""},{""from"":""Dadri lkdi ka saman becha"",""amount"":""2000"",""type"":""cash""}]",25-03-2026,2427.00,25600.00,25000.00,3027.00
182,AslamKhan,"[{""from"":""Sumit bhai "",""amount"":""296731"",""type"":""cash""}]",24-03-2026,527.00,296731.00,294831.00,2427.00
183,AslamKhan,"[{""from"":""Sumit bhai "",""amount"":""30000"",""type"":""cash""}]",23-03-2026,617.00,30000.00,30090.00,527.00
184,AslamKhan,,22-03-2026,617.00,0.00,0.00,617.00
185,AslamKhan,"[{""from"":""Sumit bhai "",""amount"":""15000"",""type"":""cash""}]",21-03-2026,617.00,15000.00,15000.00,617.00
186,AslamKhan,"[{""from"":""Sumit bhai "",""amount"":""13508"",""type"":""cash""}]",20-03-2026,617.00,13508.00,13508.00,617.00
187,AslamKhan,"[{""from"":""Sumit bhai "",""amount"":""35923"",""type"":""cash""}]",19-03-2026,562.00,35923.00,35868.00,617.00
188,AslamKhan,"[{""from"":""Sumit bhai "",""amount"":""90558"",""type"":""cash""},{""from"":""Kbadi sriya becha d block "",""amount"":""1000"",""type"":""cash""},{""from"":""Sumit bhai "",""amount"":""90558"",""type"":""cash""},{""from"":""Kbadi sriya becha d block "",""amount"":""1000"",""type"":""cash""}]",18-03-2026,902.00,91558.00,91898.00,562.00
189,AslamKhan,"[{""from"":""Sumit bhai "",""amount"":""56000"",""type"":""cash""}]",17-03-2026,-98.00,56000.00,55000.00,902.00
190,AslamKhan,"[{""from"":""Sumit bhai "",""amount"":""191100"",""type"":""cash""}]",16-03-2026,1562.00,191100.00,192760.00,-98.00
191,AslamKhan,"[{""from"":""Sumit bhai "",""amount"":""24050"",""type"":""cash""}]",15-03-2026,2362.00,24050.00,24850.00,1562.00
192,AslamKhan,"[{""from"":""Sumit bhai "",""amount"":""35900"",""type"":""cash""}]",14-03-2026,2352.00,35900.00,35890.00,2362.00
193,AslamKhan,"[{""from"":""Sumit bhai "",""amount"":""47957"",""type"":""cash""},{""from"":""Sumit bhai "",""amount"":""47957"",""type"":""cash""}]",13-03-2026,1742.00,47957.00,47347.00,2352.00
194,AslamKhan,"[{""from"":""Sumit bhai "",""amount"":""23050"",""type"":""cash""}]",12-03-2026,3642.00,23050.00,24950.00,1742.00
195,AslamKhan,,11-03-2026,22032.00,0.00,18390.00,3642.00
196,AslamKhan,"[{""from"":""Sumit bhai "",""amount"":""70464"",""type"":""cash""}]",10-03-2026,29332.00,70464.00,77764.00,22032.00
197,AslamKhan,"[{""from"":""Sumit bhai "",""amount"":""53000"",""type"":""cash""}]",09-03-2026,1132.00,53000.00,24800.00,29332.00
198,AslamKhan,"[{""from"":""Sumit bhai "",""amount"":""19650"",""type"":""cash""}]",08-03-2026,-168.00,19650.00,18350.00,1132.00
199,AslamKhan,"[{""from"":""Sumit bhai "",""amount"":""170690"",""type"":""cash""}]",07-03-2026,672.00,170690.00,171530.00,-168.00
200,AslamKhan,,06-03-2026,672.00,0.00,0.00,672.00
201,AslamKhan,"[{""from"":""Akshay "",""amount"":""20000"",""type"":""cash""}]",05-03-2026,782.00,20000.00,20110.00,672.00
202,AslamKhan,,04-03-2026,782.00,0.00,0.00,782.00
203,AslamKhan,"[{""from"":""Sumit bhai "",""amount"":""21000"",""type"":""cash""}]",03-03-2026,2112.00,21000.00,22330.00,782.00
204,AslamKhan,"[{""from"":""Sumit bhai "",""amount"":""134300"",""type"":""cash""}]",02-03-2026,2742.00,134300.00,134930.00,2112.00
205,AslamKhan,"[{""from"":""Sumit bhai "",""amount"":""38900"",""type"":""cash""}]",01-03-2026,5057.00,38900.00,41215.00,2742.00
206,AslamKhan,"[{""from"":""Sumit bhai "",""amount"":""10000"",""type"":""cash""}]",28-02-2026,1487.00,10000.00,6430.00,5057.00
207,AslamKhan,"[{""from"":""Sumit bhai "",""amount"":""19500"",""type"":""cash""}]",27-02-2026,1487.00,19500.00,19500.00,1487.00
208,AslamKhan,"[{""from"":""Sumit bhai "",""amount"":""10000"",""type"":""cash""},{""from"":""Maika waps ki "",""amount"":""8000"",""type"":""cash""}]",26-02-2026,837.00,18000.00,17350.00,1487.00
209,AslamKhan,"[{""from"":""Sumit bhai "",""amount"":""219400"",""type"":""cash""}]",25-02-2026,5972.00,219400.00,224535.00,837.00
210,AslamKhan,"[{""from"":""Sumit bhai"",""amount"":""21900"",""type"":""googlepay""}]",24-02-2026,4752.00,21900.00,20680.00,5972.00
211,AslamKhan,,23-02-2026,6910.00,0.00,2158.00,4752.00
212,AslamKhan,,22-02-2026,7520.00,0.00,610.00,6910.00
213,AslamKhan,"[{""from"":""Naveen architect dadri"",""amount"":""25000"",""type"":""cash""}]",21-02-2026,2020.00,25000.00,19500.00,7520.00
214,AslamKhan,"[{""from"":""Sumit bhai "",""amount"":""1080"",""type"":""cash""},{""from"":""Tools ke baki"",""amount"":""100"",""type"":""cash""}]",20-02-2026,5940.00,1180.00,5100.00,2020.00
215,AslamKhan,,19-02-2026,6890.00,0.00,950.00,5940.00
216,AslamKhan,"[{""from"":""Sumit bhai "",""amount"":""20000"",""type"":""cash""},{""from"":""Plumber ka saman wapas kiya"",""amount"":""5530"",""type"":""cash""}]",18-02-2026,2430.00,25530.00,21070.00,6890.00
217,AslamKhan,,17-02-2026,2430.00,0.00,0.00,2430.00
218,AslamKhan,"[{""from"":""Sumit bhai "",""amount"":""22000"",""type"":""cash""}]",16-02-2026,3475.00,22000.00,23045.00,2430.00
219,AslamKhan,,15-02-2026,4115.00,0.00,640.00,3475.00
220,AslamKhan,"[{""from"":""Sumit bhai "",""amount"":""50200"",""type"":""cash""}]",14-02-2026,615.00,50200.00,46700.00,4115.00
221,AslamKhan,,13-02-2026,1315.00,0.00,700.00,615.00
222,AslamKhan,"[{""from"":""Sumit bhai "",""amount"":""15000"",""type"":""googlepay""}]",12-02-2026,1515.00,15000.00,15200.00,1315.00
223,AslamKhan,"[{""from"":""Sumit bhai "",""amount"":""0"",""type"":""cash""}]",11-02-2026,2015.00,0.00,500.00,1515.00
224,AslamKhan,"[{""from"":""Sumit bhai"",""amount"":""3000"",""type"":""cash""}]",10-02-2026,-185.00,3000.00,800.00,2015.00
225,AslamKhan,,09-02-2026,435.00,0.00,620.00,-185.00
226,AslamKhan,,08-02-2026,915.00,0.00,480.00,435.00
227,AslamKhan,,07-02-2026,4885.00,0.00,3970.00,915.00
228,AslamKhan,"[{""from"":""Sumit bhai "",""amount"":""40000"",""type"":""cash""}]",06-02-2026,4725.00,40000.00,39840.00,4885.00
229,AslamKhan,,05-02-2026,4725.00,0.00,0.00,4725.00
230,AslamKhan,"[{""from"":""Sumit bhai "",""amount"":""15000"",""type"":""cash""}]",04-02-2026,4725.00,15000.00,15000.00,4725.00
231,AslamKhan,,03-02-2026,4725.00,0.00,0.00,4725.00
232,AslamKhan,"[{""from"":""Sumit bhai "",""amount"":""57730"",""type"":""cash""}]",02-02-2026,1825.00,57730.00,54830.00,4725.00
233,AslamKhan,,01-02-2026,1825.00,0.00,0.00,1825.00
234,AslamKhan,,31-01-2026,1825.00,0.00,0.00,1825.00
235,AslamKhan,"[{""from"":""Sumit"",""amount"":""169600"",""type"":""cash""}]",30-01-2026,15175.00,169600.00,182950.00,1825.00
236,AslamKhan,,29-01-2026,15175.00,0.00,0.00,15175.00
237,AslamKhan,"[{""from"":""Sumit bhai "",""amount"":""50000"",""type"":""cash""}]",28-01-2026,1355.00,50000.00,36180.00,15175.00
238,AslamKhan,"[{""from"":""Sumit bhai "",""amount"":""10000"",""type"":""cash""}]",27-01-2026,835.00,10000.00,9480.00,1355.00
239,AslamKhan,,26-01-2026,835.00,0.00,0.00,835.00
240,AslamKhan,"[{""from"":""Naveen architect dadri "",""amount"":""25000"",""type"":""cash""},{""from"":""Sumit bhai "",""amount"":""3000"",""type"":""googlepay""}]",25-01-2026,720.00,28000.00,27885.00,835.00
241,AslamKhan,,24-01-2026,9740.00,0.00,9020.00,720.00
242,AslamKhan,,23-01-2026,9740.00,0.00,0.00,9740.00
243,AslamKhan,,22-01-2026,14140.00,0.00,4400.00,9740.00
244,AslamKhan,"[{""from"":""Sumit bhai "",""amount"":""103000"",""type"":""cash""},{""from"":""Naveen architect dadri"",""amount"":""20000"",""type"":""cash""}]",21-01-2026,-1410.00,123000.00,107450.00,14140.00
245,AslamKhan,,20-01-2026,4870.00,0.00,6280.00,-1410.00
246,AslamKhan,,19-01-2026,20090.00,0.00,15220.00,4870.00
247,AslamKhan,"[{""from"":""Sumit bhai "",""amount"":""25000"",""type"":""cash""}]",18-01-2026,6420.00,25000.00,11330.00,20090.00
248,AslamKhan,,17-01-2026,6660.00,0.00,240.00,6420.00
249,AslamKhan,,16-01-2026,6660.00,0.00,0.00,6660.00
250,AslamKhan,,15-01-2026,6660.00,0.00,0.00,6660.00
251,AslamKhan,,14-01-2026,18010.00,0.00,11350.00,6660.00
252,AslamKhan,"[{""from"":""Sumit"",""amount"":""50000"",""type"":""cash""}]",13-01-2026,18510.00,50000.00,50500.00,18010.00
253,AslamKhan,,12-01-2026,18510.00,0.00,0.00,18510.00
254,AslamKhan,,11-01-2026,36210.00,0.00,17700.00,18510.00
255,AslamKhan,"[{""from"":""Naveen architect ( gate nuksaan ke)"",""amount"":""10000"",""type"":""googlepay""}]",10-01-2026,31960.00,10000.00,5750.00,36210.00
256,AslamKhan,,09-01-2026,37498.00,0.00,5538.00,31960.00
257,AslamKhan,,08-01-2026,37498.00,0.00,0.00,37498.00
258,AslamKhan,,07-01-2026,39098.00,0.00,1600.00,37498.00
259,AslamKhan,"[{""from"":""Sumit bhai "",""amount"":""15000"",""type"":""cash""}]",06-01-2026,26878.00,15000.00,2780.00,39098.00
260,AslamKhan,,05-01-2026,26878.00,0.00,0.00,26878.00
261,AslamKhan,,04-01-2026,26878.00,0.00,0.00,26878.00
262,AslamKhan,,03-01-2026,32878.00,0.00,6000.00,26878.00
263,AslamKhan,,02-01-2026,34518.00,0.00,1640.00,32878.00
264,AslamKhan,,01-01-2026,34518.00,0.00,0.00,34518.00
265,AslamKhan,"[{""from"":""Sumit bhai "",""amount"":""210000"",""type"":""cash""}]",31-12-2025,25518.00,210000.00,201000.00,34518.00
266,AslamKhan,,30-12-2025,25518.00,0.00,0.00,25518.00
267,AslamKhan,"[{""from"":""Sumit bhai "",""amount"":""21000"",""type"":""cash""}]",29-12-2025,7288.00,21000.00,2770.00,25518.00
268,AslamKhan,"[{""from"":""Sumit bhai "",""amount"":""500"",""type"":""googlepay""}]",28-12-2025,7158.00,500.00,370.00,7288.00
269,AslamKhan,,27-12-2025,7218.00,0.00,60.00,7158.00
270,AslamKhan,"[{""from"":""Sumit bhai "",""amount"":""13500"",""type"":""cash""}]",26-12-2025,3718.00,13500.00,10000.00,7218.00
271,AslamKhan,,25-12-2025,3718.00,0.00,0.00,3718.00
272,AslamKhan,,24-12-2025,3718.00,0.00,0.00,3718.00
273,AslamKhan,"[{""from"":""Sumit bhai "",""amount"":""5000"",""type"":""cash""}]",23-12-2025,718.00,5000.00,2000.00,3718.00
274,AslamKhan,"[{""from"":""Sumit bhai "",""amount"":""3300"",""type"":""googlepay""}]",22-12-2025,118.00,3300.00,2700.00,718.00
275,AslamKhan,,21-12-2025,118.00,0.00,0.00,118.00
276,AslamKhan,,20-12-2025,2888.00,0.00,2770.00,118.00
277,AslamKhan,"[{""from"":""Sumit bhai "",""amount"":""2600"",""type"":""googlepay""}]",19-12-2025,288.00,2600.00,0.00,2888.00
278,AslamKhan,"[{""from"":""Sumit bhai "",""amount"":""32400"",""type"":""googlepay""}]",18-12-2025,428.00,32400.00,32540.00,288.00
279,AslamKhan,"[{""from"":""Sumit bhai "",""amount"":""14312"",""type"":""googlepay""}]",17-12-2025,2538.00,14312.00,16422.00,428.00
280,AslamKhan,"[{""from"":""Sumit bhai "",""amount"":""6150"",""type"":""googlepay""}]",16-12-2025,2568.00,6150.00,6180.00,2538.00
281,AslamKhan,"[{""from"":""Sumit bhai "",""amount"":""1000"",""type"":""googlepay""}]",15-12-2025,2568.00,1000.00,1000.00,2568.00
282,AslamKhan,,14-12-2025,2568.00,0.00,0.00,2568.00
283,AslamKhan,"[{""from"":""Sumit bhai "",""amount"":""7500"",""type"":""googlepay""}]",13-12-2025,2868.00,7500.00,7800.00,2568.00
284,AslamKhan,,12-12-2025,2868.00,0.00,0.00,2868.00
285,AslamKhan,"[{""from"":""Sumit bhai "",""amount"":""55000"",""type"":""cash""}]",11-12-2025,2348.00,55000.00,54480.00,2868.00
286,AslamKhan,,10-12-2025,3948.00,0.00,1600.00,2348.00
287,AslamKhan,,09-12-2025,4398.00,0.00,450.00,3948.00
288,AslamKhan,"[{""from"":""Sumit bhai "",""amount"":""6000"",""type"":""googlepay""}]",08-12-2025,1798.00,6000.00,3400.00,4398.00
289,AslamKhan,"[{""from"":""Sumit bhai "",""amount"":""950"",""type"":""googlepay""}]",07-12-2025,2028.00,950.00,1180.00,1798.00
290,AslamKhan,,06-12-2025,2028.00,0.00,0.00,2028.00
291,AslamKhan,,05-12-2025,2028.00,0.00,0.00,2028.00
292,AslamKhan,"[{""from"":""Sumit bhai "",""amount"":""15500"",""type"":""googlepay""}]",04-12-2025,2058.00,15500.00,15530.00,2028.00
293,AslamKhan,"[{""from"":""Sumit bhai "",""amount"":""5000"",""type"":""googlepay""}]",03-12-2025,598.00,5000.00,3540.00,2058.00
294,AslamKhan,"[{""from"":""Sumit bhai "",""amount"":""31000"",""type"":""googlepay""}]",02-12-2025,-227.00,31000.00,30175.00,598.00
295,AslamKhan,,01-12-2025,-227.00,0.00,0.00,-227.00
296,AslamKhan,"[{""from"":""Sumit bhai "",""amount"":""5000"",""type"":""googlepay""}]",30-11-2025,-197.00,5000.00,5030.00,-227.00
297,AslamKhan,,29-11-2025,603.00,0.00,800.00,-197.00
298,AslamKhan,"[{""from"":""Sumit bhai "",""amount"":""21050"",""type"":""googlepay""}]",28-11-2025,-1097.00,21050.00,19350.00,603.00
299,AslamKhan,"[{""from"":""Sumit bhai "",""amount"":""4100"",""type"":""googlepay""}]",27-11-2025,753.00,4100.00,5950.00,-1097.00
300,AslamKhan,"[{""from"":""Sumit bhai "",""amount"":""3500"",""type"":""googlepay""}]",26-11-2025,728.00,3500.00,3475.00,753.00
301,AslamKhan,"[{""from"":""Sumit bhai "",""amount"":""4500"",""type"":""googlepay""}]",25-11-2025,628.00,4500.00,4400.00,728.00
302,AslamKhan,"[{""from"":""Sumit bhai "",""amount"":""10150"",""type"":""googlepay""}]",24-11-2025,688.00,10150.00,10210.00,628.00
303,AslamKhan,"[{""from"":""Sumit bhai "",""amount"":""2000"",""type"":""googlepay""}]",23-11-2025,508.00,2000.00,1820.00,688.00
304,AslamKhan,"[{""from"":""Naveen architect sec 23 "",""amount"":""50000"",""type"":""googlepay""}]",22-11-2025,1308.00,50000.00,50800.00,508.00
305,AslamKhan,"[{""from"":""Sumit bhai "",""amount"":""3250"",""type"":""cash""}]",21-11-2025,1788.00,3250.00,3730.00,1308.00
306,AslamKhan,"[{""from"":""Sumit bhai "",""amount"":""3800"",""type"":""cash""}]",20-11-2025,1868.00,3800.00,3880.00,1788.00
307,AslamKhan,"[{""from"":""Sumit bhai "",""amount"":""1600"",""type"":""googlepay""}]",19-11-2025,1868.00,1600.00,1600.00,1868.00
308,AslamKhan,"[{""from"":""Sumit bhai "",""amount"":""7950"",""type"":""cash""}]",18-11-2025,668.00,7950.00,6750.00,1868.00
309,AslamKhan,,17-11-2025,668.00,0.00,0.00,668.00
310,AslamKhan,"[{""from"":""Sumit bhai "",""amount"":""3500"",""type"":""googlepay""}]",16-11-2025,798.00,3500.00,3630.00,668.00
311,AslamKhan,,15-11-2025,798.00,0.00,0.00,798.00
312,AslamKhan,"[{""from"":""Sumit bhai "",""amount"":""7700"",""type"":""googlepay""}]",14-11-2025,808.00,7700.00,7710.00,798.00
313,AslamKhan,"[{""from"":""Sumit bhai "",""amount"":""14850"",""type"":""googlepay""}]",13-11-2025,808.00,14850.00,14850.00,808.00
314,AslamKhan,"[{""from"":""Sumit bhai "",""amount"":""800"",""type"":""googlepay""}]",12-11-2025,1108.00,800.00,1100.00,808.00
315,AslamKhan,"[{""from"":""Sumit bhai "",""amount"":""6000"",""type"":""googlepay""}]",11-11-2025,1663.00,6000.00,6555.00,1108.00
316,AslamKhan,,10-11-2025,8753.00,0.00,7090.00,1663.00
317,AslamKhan,"[{""from"":""Sumit bhai "",""amount"":""20000"",""type"":""cash""}]",09-11-2025,403.00,20000.00,11650.00,8753.00
318,AslamKhan,"[{""from"":""Sumit bhai "",""amount"":""3000"",""type"":""googlepay""},{""from"":""Sumit bhai "",""amount"":""250000"",""type"":""cash""}]",08-11-2025,783.00,253000.00,253380.00,403.00
319,AslamKhan,"[{""from"":""Sumit bhai "",""amount"":""11650"",""type"":""googlepay""}]",07-11-2025,943.00,11650.00,11810.00,783.00
320,AslamKhan,"[{""from"":""Naveen architect "",""amount"":""25000"",""type"":""googlepay""},{""from"":""Sumit bhai "",""amount"":""7150"",""type"":""googlepay""}]",06-11-2025,583.00,32150.00,31790.00,943.00
321,AslamKhan,,05-11-2025,583.00,0.00,0.00,583.00
322,AslamKhan,"[{""from"":""Sumit bhai "",""amount"":""1600"",""type"":""googlepay""}]",04-11-2025,623.00,1600.00,1640.00,583.00
323,AslamKhan,,03-11-2025,623.00,0.00,0.00,623.00
324,AslamKhan,"[{""from"":""Sumit bhai "",""amount"":""2500"",""type"":""googlepay""}]",02-11-2025,363.00,2500.00,2240.00,623.00
325,AslamKhan,"[{""from"":""Naveen architect "",""amount"":""25000"",""type"":""googlepay""}]",01-11-2025,453.00,25000.00,25090.00,363.00
326,AslamKhan,"[{""from"":""Sumit bhai "",""amount"":""1600"",""type"":""googlepay""}]",31-10-2025,493.00,1600.00,1640.00,453.00
327,AslamKhan,"[{""from"":""Sumit bhai "",""amount"":""5400"",""type"":""googlepay""}]",30-10-2025,563.00,5400.00,5470.00,493.00
328,AslamKhan,,29-10-2025,563.00,0.00,0.00,563.00
329,AslamKhan,,28-10-2025,563.00,0.00,0.00,563.00
330,AslamKhan,,27-10-2025,563.00,0.00,0.00,563.00
331,AslamKhan,"[{""from"":""Sumit bhai "",""amount"":""2000"",""type"":""googlepay""}]",26-10-2025,713.00,2000.00,2150.00,563.00
332,AslamKhan,,25-10-2025,713.00,0.00,0.00,713.00
333,AslamKhan,"[{""from"":""Sumit bhai "",""amount"":""61570"",""type"":""googlepay""}]",24-10-2025,713.00,61570.00,61570.00,713.00
334,AslamKhan,,23-10-2025,713.00,0.00,0.00,713.00
335,AslamKhan,,22-10-2025,713.00,0.00,0.00,713.00
336,AslamKhan,,21-10-2025,713.00,0.00,0.00,713.00
337,AslamKhan,,20-10-2025,713.00,0.00,0.00,713.00
338,AslamKhan,,19-10-2025,713.00,0.00,0.00,713.00
339,AslamKhan,"[{""from"":""Sumit bhai "",""amount"":""203100"",""type"":""cash""}]",18-10-2025,713.00,203100.00,203100.00,713.00
340,AslamKhan,"[{""from"":""Sumit bhai "",""amount"":""1000"",""type"":""cash""}]",17-10-2025,693.00,1000.00,980.00,713.00
341,AslamKhan,"[{""from"":""Sumit bhai "",""amount"":""500"",""type"":""googlepay""}]",16-10-2025,1143.00,500.00,950.00,693.00
342,AslamKhan,"[{""from"":""Sumit bhai "",""amount"":""9000"",""type"":""googlepay""}]",15-10-2025,2173.00,9000.00,10030.00,1143.00
343,AslamKhan,"[{""from"":""Sumit bhai "",""amount"":""11760"",""type"":""googlepay""}]",14-10-2025,1353.00,11760.00,10940.00,2173.00
344,AslamKhan,"[{""from"":""Sumit bhai "",""amount"":""6300"",""type"":""googlepay""}]",13-10-2025,1353.00,6300.00,6300.00,1353.00
345,AslamKhan,,12-10-2025,1353.00,0.00,0.00,1353.00
346,AslamKhan,"[{""from"":""Sumit bhai "",""amount"":""59000"",""type"":""cash""}]",11-10-2025,43.00,59000.00,57690.00,1353.00
347,AslamKhan,,10-10-2025,43.00,0.00,0.00,43.00
348,AslamKhan,,09-10-2025,43.00,0.00,0.00,43.00
349,AslamKhan,"[{""from"":""Sumit Bhai "",""amount"":""6200"",""type"":""cash""}]",08-10-2025,143.00,6200.00,6300.00,43.00
350,AslamKhan,"[{""from"":""Sumit bhai "",""amount"":""12000"",""type"":""cash""}]",07-10-2025,393.00,12000.00,12250.00,143.00
351,AslamKhan,"[{""from"":""Sumit bhai "",""amount"":""1600"",""type"":""cash""}]",06-10-2025,393.00,1600.00,1600.00,393.00
352,AslamKhan,"[{""from"":""Sumit bhai "",""amount"":""6500"",""type"":""cash""}]",05-10-2025,193.00,6500.00,6300.00,393.00
353,AslamKhan,"[{""from"":""Naveen architect  dadri Vilas "",""amount"":""50000"",""type"":""cash""},{""from"":""Sumit bhai "",""amount"":""1500"",""type"":""googlepay""}]",04-10-2025,23.00,51500.00,51330.00,193.00
354,AslamKhan,,03-10-2025,23.00,0.00,0.00,23.00
355,AslamKhan,"[{""from"":""Sumit bhai "",""amount"":""700"",""type"":""googlepay""}]",02-10-2025,53.00,700.00,730.00,23.00
356,AslamKhan,,01-10-2025,53.00,0.00,0.00,53.00
357,AslamKhan,"[{""from"":""Sumit bhai "",""amount"":""100000"",""type"":""googlepay""}]",30-09-2025,53.00,100000.00,100000.00,53.00
358,AslamKhan,"[{""from"":""Sumit bhai "",""amount"":""5000"",""type"":""googlepay""}]",29-09-2025,4983.00,5000.00,9930.00,53.00
359,AslamKhan,"[{""from"":""Sumit bhai "",""amount"":""20000"",""type"":""googlepay""}]",28-09-2025,12193.00,20000.00,27210.00,4983.00
360,AslamKhan,"[{""from"":""Naveen architect "",""amount"":""50000"",""type"":""cash""}]",27-09-2025,143.00,50000.00,37950.00,12193.00
361,AslamKhan,"[{""from"":""Sumit bhai "",""amount"":""4800"",""type"":""googlepay""}]",26-09-2025,93.00,4800.00,4750.00,143.00
362,AslamKhan,"[{""from"":""Sumit bhai "",""amount"":""23400"",""type"":""googlepay""}]",25-09-2025,243.00,23400.00,23550.00,93.00
363,AslamKhan,"[{""from"":""Sumit bhai "",""amount"":""51400"",""type"":""googlepay""}]",24-09-2025,243.00,51400.00,51400.00,243.00
364,AslamKhan,"[{""from"":""Sumit bhai "",""amount"":""12290"",""type"":""googlepay""}]",23-09-2025,463.00,12290.00,12510.00,243.00
365,AslamKhan,"[{""from"":""Sumit Bhai "",""amount"":""14000"",""type"":""googlepay""}]",22-09-2025,393.00,14000.00,13930.00,463.00
366,AslamKhan,,21-09-2025,393.00,0.00,0.00,393.00
367,AslamKhan,"[{""from"":""Sumit bhai "",""amount"":""3900"",""type"":""googlepay""}]",20-09-2025,-352.00,3900.00,3155.00,393.00
368,AslamKhan,"[{""from"":""Sumit bhai "",""amount"":""9100"",""type"":""googlepay""}]",19-09-2025,-352.00,9100.00,9100.00,-352.00
369,AslamKhan,"[{""from"":""sumit ji"",""amount"":""4100"",""type"":""cash""}]",18-09-2025,-352.00,4100.00,4100.00,-352.00
370,AslamKhan,"[{""from"":""Sumit bhai "",""amount"":""4000"",""type"":""googlepay""}]",17-09-2025,-352.00,4000.00,4000.00,-352.00
371,AslamKhan,"[{""from"":""Sumit bhai "",""amount"":""28800"",""type"":""googlepay""}]",16-09-2025,193.00,28800.00,29345.00,-352.00
372,AslamKhan,,15-09-2025,193.00,0.00,0.00,193.00
373,AslamKhan,,14-09-2025,193.00,0.00,0.00,193.00
374,AslamKhan,,13-09-2025,193.00,0.00,0.00,193.00
375,AslamKhan,"[{""from"":""Sumit"",""amount"":""6000"",""type"":""cash""}]",12-09-2025,218.00,6000.00,6025.00,193.00
376,AslamKhan,"[{""from"":""Sumit"",""amount"":""6740"",""type"":""cash""}]",11-09-2025,608.00,6740.00,7130.00,218.00
377,AslamKhan,"[{""from"":""Sumit"",""amount"":""88740"",""type"":""cash""}]",10-09-2025,608.00,88740.00,88740.00,608.00
378,AslamKhan,,09-09-2025,608.00,0.00,0.00,608.00
379,AslamKhan,"[{""from"":""sumit"",""amount"":""3400"",""type"":""cash""},{""from"":""naveen"",""amount"":""50000"",""type"":""cash""}]",08-09-2025,648.00,53400.00,53440.00,608.00
380,AslamKhan,"[{""from"":""Sumit"",""amount"":""3400"",""type"":""cash""}]",07-09-2025,648.00,3400.00,3400.00,648.00
381,AslamKhan,"[{""from"":""Sumit"",""amount"":""20600"",""type"":""cash""}]",06-09-2025,-652.00,20600.00,19300.00,648.00
382,AslamKhan,"[{""from"":""sumit"",""amount"":""6000"",""type"":""cash""}]",05-09-2025,-652.00,6000.00,6000.00,-652.00
383,AslamKhan,,04-09-2025,-652.00,0.00,0.00,-652.00
384,AslamKhan,,03-09-2025,672.00,0.00,1324.00,-652.00
385,AslamKhan,,02-09-2025,672.00,0.00,0.00,672.00
386,AslamKhan,,01-09-2025,672.00,0.00,0.00,672.00
387,AslamKhan,,31-08-2025,672.00,0.00,0.00,672.00
388,AslamKhan,"[{""from"":""Sumit bhai "",""amount"":""17500"",""type"":""googlepay""}]",30-08-2025,722.00,17500.00,17550.00,672.00
389,AslamKhan,"[{""from"":""Sumit bhai "",""amount"":""16000"",""type"":""googlepay""}]",29-08-2025,4722.00,16000.00,20000.00,722.00
390,AslamKhan,,28-08-2025,10272.00,0.00,5550.00,4722.00
391,AslamKhan,,27-08-2025,13222.00,0.00,2950.00,10272.00
392,AslamKhan,"[{""from"":""Sumit bhai "",""amount"":""7150"",""type"":""googlepay""}]",26-08-2025,9022.00,7150.00,2950.00,13222.00
393,AslamKhan,"[{""from"":""Sumit bhai "",""amount"":""7700"",""type"":""googlepay""}]",25-08-2025,9022.00,7700.00,7700.00,9022.00
394,AslamKhan,"[{""from"":""Sumit bhai "",""amount"":""8000"",""type"":""googlepay""}]",24-08-2025,16292.00,8000.00,15270.00,9022.00
395,AslamKhan,"[{""from"":""Naveen architect "",""amount"":""149000"",""type"":""cash""}]",23-08-2025,2042.00,149000.00,134750.00,16292.00
396,AslamKhan,,22-08-2025,2042.00,0.00,0.00,2042.00
397,AslamKhan,,21-08-2025,2042.00,0.00,0.00,2042.00
398,AslamKhan,"[{""from"":""Sumit bhai "",""amount"":""18300"",""type"":""googlepay""}]",20-08-2025,2042.00,18300.00,18300.00,2042.00
399,AslamKhan,,19-08-2025,2042.00,0.00,0.00,2042.00
400,AslamKhan,,18-08-2025,2042.00,0.00,0.00,2042.00
401,AslamKhan,"[{""from"":""Sumit bhai "",""amount"":""11500"",""type"":""googlepay""}]",17-08-2025,2342.00,11500.00,11800.00,2042.00
402,AslamKhan,,16-08-2025,9892.00,0.00,7550.00,2342.00
403,AslamKhan,,15-08-2025,9892.00,0.00,0.00,9892.00
404,AslamKhan,,14-08-2025,9892.00,0.00,0.00,9892.00
405,AslamKhan,"[{""from"":""Sumit bhai "",""amount"":""140000"",""type"":""cash""}]",13-08-2025,842.00,140000.00,130950.00,9892.00
406,AslamKhan,,12-08-2025,842.00,0.00,0.00,842.00
407,AslamKhan,"[{""from"":""Sumit bhai "",""amount"":""9450"",""type"":""googlepay""},{""from"":""Monu material "",""amount"":""2000"",""type"":""cash""}]",11-08-2025,842.00,11450.00,11450.00,842.00
408,AslamKhan,"[{""from"":""Sumit bhai "",""amount"":""4000"",""type"":""cash""}]",10-08-2025,902.00,4000.00,4060.00,842.00
409,AslamKhan,,09-08-2025,902.00,0.00,0.00,902.00
410,AslamKhan,"[{""from"":""Sumit bhai "",""amount"":""28000"",""type"":""googlepay""}]",08-08-2025,917.00,28000.00,28015.00,902.00
411,AslamKhan,"[{""from"":""Sumit bhai "",""amount"":""21000"",""type"":""googlepay""}]",07-08-2025,367.00,21000.00,20450.00,917.00
412,AslamKhan,"[{""from"":""Sumit bhai "",""amount"":""31000"",""type"":""cash""}]",06-08-2025,367.00,31000.00,31000.00,367.00
413,AslamKhan,"[{""from"":""Sumit bhai "",""amount"":""15500"",""type"":""cash""}]",05-08-2025,367.00,15500.00,15500.00,367.00
414,AslamKhan,"[{""from"":""Sumit bhai "",""amount"":""1900"",""type"":""googlepay""}]",04-08-2025,367.00,1900.00,1900.00,367.00
415,AslamKhan,"[{""from"":""Sumit Bhai "",""amount"":""9000"",""type"":""cash""},{""from"":""Sumit bhai "",""amount"":""9000"",""type"":""cash""}]",03-08-2025,867.00,9000.00,9500.00,367.00
416,AslamKhan,"[{""from"":""Naveen architect "",""amount"":""200000"",""type"":""cash""}]",02-08-2025,4667.00,200000.00,203800.00,867.00
417,AslamKhan,"[{""from"":""Sumit bhai "",""amount"":""13000"",""type"":""googlepay""}]",01-08-2025,1345.00,13000.00,9678.00,4667.00
418,AslamKhan,"[{""from"":""Sumit bhai "",""amount"":""10000"",""type"":""googlepay""}]",31-07-2025,1420.00,10000.00,10075.00,1345.00
419,AslamKhan,"[{""from"":""Sumit bhai "",""amount"":""4400"",""type"":""googlepay""}]",30-07-2025,1294.00,4400.00,4274.00,1420.00
420,AslamKhan,"[{""from"":""Naveen architect "",""amount"":""200000"",""type"":""cash""}]",29-07-2025,794.00,200000.00,199500.00,1294.00
421,AslamKhan,"[{""from"":""Sumit bhai "",""amount"":""34100"",""type"":""googlepay""},{""from"":""Sumit bhai "",""amount"":""500"",""type"":""googlepay""}]",28-07-2025,794.00,34600.00,34600.00,794.00
422,AslamKhan,"[{""from"":""Sumit bhai "",""amount"":""3000"",""type"":""cash""},{""from"":""Sumit bhai "",""amount"":""4500"",""type"":""googlepay""}]",27-07-2025,794.00,7500.00,7500.00,794.00
423,AslamKhan,,26-07-2025,1534.00,0.00,740.00,794.00
424,AslamKhan,"[{""from"":""Sumit bhai "",""amount"":""11000"",""type"":""googlepay""}]",25-07-2025,1904.00,11000.00,11370.00,1534.00
425,AslamKhan,"[{""from"":""Sumit bhai "",""amount"":""103000"",""type"":""googlepay""}]",24-07-2025,1134.00,103000.00,102230.00,1904.00
426,AslamKhan,,23-07-2025,1134.00,0.00,0.00,1134.00
427,AslamKhan,"[{""from"":""Sumit bhai "",""amount"":""35000"",""type"":""googlepay""}]",22-07-2025,1434.00,35000.00,35300.00,1134.00
428,AslamKhan,"[{""from"":""Sumit bhai "",""amount"":""5000"",""type"":""googlepay""}]",21-07-2025,2334.00,5000.00,5900.00,1434.00
429,AslamKhan,,20-07-2025,3934.00,0.00,1600.00,2334.00
430,AslamKhan,"[{""from"":""Sumit bhai "",""amount"":""39000"",""type"":""googlepay""}]",19-07-2025,2934.00,39000.00,38000.00,3934.00
431,AslamKhan,,18-07-2025,2934.00,0.00,0.00,2934.00
432,AslamKhan,"[{""from"":""Sumit bhai "",""amount"":""13965"",""type"":""googlepay""}]",17-07-2025,2934.00,13965.00,13965.00,2934.00
433,AslamKhan,"[{""from"":""Naveen architect "",""amount"":""200000"",""type"":""cash""}]",16-07-2025,534.00,200000.00,197600.00,2934.00
434,AslamKhan,"[{""from"":""Sumit bhai "",""amount"":""60800"",""type"":""googlepay""},{""from"":""Kbadi sriya becha m block "",""amount"":""1450"",""type"":""cash""}]",15-07-2025,734.00,62250.00,62450.00,534.00
435,AslamKhan,"[{""from"":""Sumit bhai "",""amount"":""18000"",""type"":""googlepay""}]",14-07-2025,834.00,18000.00,18100.00,734.00
436,AslamKhan,"[{""from"":""Sumit bhai "",""amount"":""26800"",""type"":""googlepay""}]",13-07-2025,834.00,26800.00,26800.00,834.00
437,AslamKhan,"[{""from"":""Sumit bhai "",""amount"":""24000"",""type"":""cash""}]",12-07-2025,289.00,24000.00,23455.00,834.00
438,AslamKhan,"[{""from"":""Sumit bhai "",""amount"":""18000"",""type"":""cash""}]",11-07-2025,1759.00,18000.00,19470.00,289.00
439,AslamKhan,"[{""from"":""Sumit bhai "",""amount"":""17000"",""type"":""cash""}]",10-07-2025,859.00,17000.00,16100.00,1759.00
440,AslamKhan,"[{""from"":""Sumit bhai "",""amount"":""6600"",""type"":""googlepay""}]",09-07-2025,1229.00,6600.00,6970.00,859.00
441,AslamKhan,"[{""from"":""Sumit bhai "",""amount"":""16100"",""type"":""cash""}]",08-07-2025,529.00,16100.00,15400.00,1229.00
442,AslamKhan,"[{""from"":""Sumit bhai "",""amount"":""21000"",""type"":""cash""}]",07-07-2025,6359.00,21000.00,26830.00,529.00
443,AslamKhan,"[{""from"":""Sumit bhai "",""amount"":""20000"",""type"":""cash""},{""from"":""Babu lal ( jo vikky ne diye)."",""amount"":""4000"",""type"":""cash""}]",06-07-2025,1059.00,24000.00,18700.00,6359.00
444,AslamKhan,"[{""from"":""Sumit bhai "",""amount"":""13000"",""type"":""cash""}]",05-07-2025,759.00,13000.00,12700.00,1059.00
445,AslamKhan,"[{""from"":""Naveen architect "",""amount"":""200000"",""type"":""cash""}]",04-07-2025,2779.00,200000.00,202020.00,759.00
446,AslamKhan,"[{""from"":""Scrap sec 11\/201"",""amount"":""18850"",""type"":""cash""},{""from"":""Sumit bhai "",""amount"":""3000"",""type"":""cash""}]",03-07-2025,739.00,21850.00,19810.00,2779.00
447,AslamKhan,"[{""from"":""Sumit bhai "",""amount"":""50000"",""type"":""cash""}]",02-07-2025,2699.00,50000.00,51960.00,739.00
448,AslamKhan,"[{""from"":""Sumit bhai "",""amount"":""50000"",""type"":""cash""},{""from"":""Sumit bhai "",""amount"":""20000"",""type"":""cash""}]",01-07-2025,439.00,70000.00,67740.00,2699.00
449,AslamKhan,"[{""from"":""KPG office "",""amount"":""200000"",""type"":""cash""}]",30-06-2025,289.00,200000.00,199850.00,439.00
450,AslamKhan,"[{""from"":""Sumit bhai "",""amount"":""7000"",""type"":""cash""}]",29-06-2025,3339.00,7000.00,10050.00,289.00
451,AslamKhan,"[{""from"":""Naveen architect "",""amount"":""100000"",""type"":""cash""}]",28-06-2025,1289.00,100000.00,97950.00,3339.00
452,AslamKhan,,27-06-2025,11639.00,0.00,10350.00,1289.00
453,AslamKhan,"[{""from"":""Naveen architect "",""amount"":""200000"",""type"":""cash""}]",26-06-2025,339.00,200000.00,188700.00,11639.00
454,AslamKhan,"[{""from"":""Sumit bhai "",""amount"":""2000"",""type"":""googlepay""}]",25-06-2025,1239.00,2000.00,2900.00,339.00
455,AslamKhan,"[{""from"":""Sumit bhai "",""amount"":""87500"",""type"":""cash""},{""from"":""Babu lal ( jo vikky ne diye)."",""amount"":""15000"",""type"":""cash""}]",24-06-2025,1059.00,102500.00,102320.00,1239.00
456,AslamKhan,"[{""from"":""Sumit bhai "",""amount"":""90000"",""type"":""cash""}]",23-06-2025,1739.00,90000.00,90680.00,1059.00
457,AslamKhan,"[{""from"":""Sumit bhai "",""amount"":""59500"",""type"":""cash""},{""from"":""Sumit bhai "",""amount"":""10000"",""type"":""googlepay""}]",22-06-2025,589.00,69500.00,68350.00,1739.00
458,AslamKhan,"[{""from"":""Sumit bhai "",""amount"":""3250"",""type"":""googlepay""}]",21-06-2025,639.00,3250.00,3300.00,589.00
459,AslamKhan,"[{""from"":""Sumit bhai "",""amount"":""5700"",""type"":""googlepay""}]",20-06-2025,629.00,5700.00,5690.00,639.00
460,AslamKhan,"[{""from"":""Sumit bhai "",""amount"":""1250"",""type"":""googlepay""}]",19-06-2025,629.00,1250.00,1250.00,629.00
461,AslamKhan,"[{""from"":""Sumit bhai "",""amount"":""5250"",""type"":""googlepay""}]",18-06-2025,629.00,5250.00,5250.00,629.00
462,AslamKhan,"[{""from"":""Sumit bhai "",""amount"":""1250"",""type"":""googlepay""}]",17-06-2025,829.00,1250.00,1450.00,629.00
463,AslamKhan,"[{""from"":""Sumit bhai "",""amount"":""37000"",""type"":""cash""}]",16-06-2025,979.00,37000.00,37150.00,829.00
464,AslamKhan,"[{""from"":""Sumit bhai "",""amount"":""500"",""type"":""googlepay""}]",15-06-2025,979.00,500.00,500.00,979.00
465,AslamKhan,"[{""from"":""Sumit bhai "",""amount"":""5000"",""type"":""googlepay""}]",14-06-2025,979.00,5000.00,5000.00,979.00
466,AslamKhan,"[{""from"":""Sumit bhai (8\/6\/25)"",""amount"":""3000"",""type"":""cash""}]",13-06-2025,979.00,3000.00,3000.00,979.00
467,AslamKhan,"[{""from"":""Sumit bhai "",""amount"":""12000"",""type"":""cash""}]",12-06-2025,-71.00,12000.00,10950.00,979.00
468,AslamKhan,"[{""from"":""Sumit bhai "",""amount"":""8000"",""type"":""cash""}]",11-06-2025,959.00,8000.00,9030.00,-71.00
469,AslamKhan,"[{""from"":""Sumit bhai "",""amount"":""200000"",""type"":""cash""},{""from"":""Naveen architect "",""amount"":""100000"",""type"":""cash""}]",10-06-2025,9.00,300000.00,299050.00,959.00
470,AslamKhan,,09-06-2025,9.00,0.00,0.00,9.00
471,AslamKhan,,08-06-2025,9.00,0.00,0.00,9.00
472,AslamKhan,,07-06-2025,9.00,0.00,0.00,9.00
473,AslamKhan,"[{""from"":""Sumit bhai "",""amount"":""14000"",""type"":""cash""}]",06-06-2025,209.00,14000.00,14200.00,9.00
474,AslamKhan,"[{""from"":""Sumit bhai "",""amount"":""12900"",""type"":""googlepay""}]",05-06-2025,1683.00,12900.00,14374.00,209.00
475,AslamKhan,"[{""from"":""Sumit Bhai "",""amount"":""23500"",""type"":""cash""}]",04-06-2025,1333.00,23500.00,23150.00,1683.00
476,AslamKhan,"[{""from"":""Sumit bhai "",""amount"":""1500"",""type"":""googlepay""}]",03-06-2025,18003.00,1500.00,18170.00,1333.00
477,AslamKhan,,02-06-2025,22113.00,0.00,4110.00,18003.00
478,AslamKhan,"[{""from"":""Kbadi se aaye"",""amount"":""20900"",""type"":""cash""}]",01-06-2025,14013.00,20900.00,12800.00,22113.00
479,AslamKhan,"[{""from"":""Sumit bhai "",""amount"":""50000"",""type"":""cash""}]",31-05-2025,1433.00,50000.00,37420.00,14013.00
480,AslamKhan,"[{""from"":""Sumit bhai "",""amount"":""87600"",""type"":""cash""}]",30-05-2025,1603.00,87600.00,87770.00,1433.00
481,AslamKhan,"[{""from"":""Naveen architect "",""amount"":""500000"",""type"":""cash""}]",29-05-2025,1503.00,500000.00,499900.00,1603.00
482,AslamKhan,"[{""from"":""Sumit bhai "",""amount"":""8000"",""type"":""googlepay""}]",28-05-2025,1478.00,8000.00,7975.00,1503.00
483,AslamKhan,"[{""from"":""Sumit bhai "",""amount"":""3900"",""type"":""googlepay""},{""from"":""Avantika bauji "",""amount"":""800"",""type"":""cash""},{""from"":""Sumit bhai "",""amount"":""150000"",""type"":""cash""}]",27-05-2025,1488.00,154700.00,154710.00,1478.00
484,AslamKhan,"[{""from"":""Sumit bhai "",""amount"":""24900"",""type"":""googlepay""}]",26-05-2025,1488.00,24900.00,24900.00,1488.00
485,AslamKhan,"[{""from"":""Sumit bhai "",""amount"":""6000"",""type"":""cash""}]",25-05-2025,1488.00,6000.00,6000.00,1488.00
486,AslamKhan,"[{""from"":""Sumit bhai "",""amount"":""6400"",""type"":""googlepay""}]",24-05-2025,1568.00,6400.00,6480.00,1488.00
487,AslamKhan,"[{""from"":""Sumit bhai "",""amount"":""35000"",""type"":""googlepay""},{""from"":""Sumit bhai "",""amount"":""3000"",""type"":""googlepay""}]",23-05-2025,2878.00,38000.00,39310.00,1568.00
488,AslamKhan,"[{""from"":""Sumit bhai "",""amount"":""11500"",""type"":""googlepay""}]",22-05-2025,2443.00,11500.00,11065.00,2878.00
489,AslamKhan,"[{""from"":""Sumit bhai "",""amount"":""1000"",""type"":""googlepay""}]",21-05-2025,2443.00,1000.00,1000.00,2443.00
490,AslamKhan,"[{""from"":""Sumit bhai "",""amount"":""173940"",""type"":""cash""}]",20-05-2025,1723.00,173940.00,173220.00,2443.00
491,AslamKhan,"[{""from"":""Sumit bhai "",""amount"":""31850"",""type"":""googlepay""},{""from"":""Sumit bhai "",""amount"":""20000"",""type"":""cash""}]",19-05-2025,2023.00,51850.00,52150.00,1723.00
492,AslamKhan,"[{""from"":""Sumit bhai "",""amount"":""26500"",""type"":""googlepay""}]",18-05-2025,4973.00,26500.00,29450.00,2023.00
493,AslamKhan,"[{""from"":""Sumit bhai "",""amount"":""50200"",""type"":""googlepay""}]",17-05-2025,2093.00,50200.00,47320.00,4973.00
494,AslamKhan,"[{""from"":""Sumit bhai "",""amount"":""21450"",""type"":""googlepay""}]",16-05-2025,2013.00,21450.00,21370.00,2093.00
495,AslamKhan,"[{""from"":""Sumit bhai "",""amount"":""42628"",""type"":""googlepay""}]",15-05-2025,2613.00,42628.00,43228.00,2013.00
496,AslamKhan,"[{""from"":""Sumit bhai "",""amount"":""182000 "",""type"":""cash""}]",14-05-2025,5513.00,182000.00,184900.00,2613.00
497,AslamKhan,"[{""from"":""Sumit bhai "",""amount"":""389000"",""type"":""cash""}]",13-05-2025,2548.00,389000.00,386035.00,5513.00
498,AslamKhan,"[{""from"":""Sumit bhai "",""amount"":""68600"",""type"":""googlepay""}]",12-05-2025,1088.00,68600.00,67140.00,2548.00
499,AslamKhan,"[{""from"":""Sumit bhai "",""amount"":""26450"",""type"":""cash""}]",11-05-2025,488.00,26450.00,25850.00,1088.00
500,AslamKhan,"[{""from"":""Sumit bhai "",""amount"":""19800"",""type"":""cash""}]",10-05-2025,-12.00,19800.00,19300.00,488.00
501,AslamKhan,"[{""from"":""Sumit bhai "",""amount"":""277550"",""type"":""cash""}]",09-05-2025,888.00,277550.00,278450.00,-12.00
502,AslamKhan,"[{""from"":""Sumit bhai "",""amount"":""25700"",""type"":""cash""}]",08-05-2025,4398.00,25700.00,29210.00,888.00
503,AslamKhan,"[{""from"":""Sumit bhai "",""amount"":""23000"",""type"":""cash""}]",07-05-2025,1088.00,23000.00,19690.00,4398.00
504,AslamKhan,"[{""from"":""Sumit bhai "",""amount"":""59620"",""type"":""cash""},{""from"":""Kasim ( tudai wale) hindan bihar "",""amount"":""100000"",""type"":""cash""}]",06-05-2025,578.00,159620.00,159110.00,1088.00
505,AslamKhan,"[{""from"":""Sumit bhai "",""amount"":""29500"",""type"":""cash""}]",05-05-2025,848.00,29500.00,29770.00,578.00
506,AslamKhan,"[{""from"":""Sumit bhai "",""amount"":""27800"",""type"":""cash""}]",04-05-2025,1308.00,27800.00,28260.00,848.00
507,AslamKhan,"[{""from"":""Sumit bhai "",""amount"":""17420"",""type"":""cash""}]",03-05-2025,1308.00,17420.00,17420.00,1308.00
508,AslamKhan,"[{""from"":""Sumit bhai "",""amount"":""20000"",""type"":""cash""}]",02-05-2025,2608.00,20000.00,21300.00,1308.00
509,AslamKhan,"[{""from"":""Sumit bhai "",""amount"":""21700"",""type"":""cash""},{""from"":""Tools ke jma kiye the waps aaye"",""amount"":""500"",""type"":""cash""}]",01-05-2025,2098.00,22200.00,21690.00,2608.00
510,AslamKhan,"[{""from"":""Sumit bhai "",""amount"":""74000"",""type"":""cash""},{""from"":""Sumit bhai "",""amount"":""20250"",""type"":""cash""}]",30-04-2025,4068.00,94250.00,96220.00,2098.00
511,AslamKhan,"[{""from"":""Dipak "",""amount"":""30000"",""type"":""cash""}]",29-04-2025,3838.00,30000.00,29770.00,4068.00
512,AslamKhan,"[{""from"":""Sumit bhai "",""amount"":""53100"",""type"":""cash""}]",28-04-2025,-542.00,53100.00,48720.00,3838.00
513,AslamKhan,"[{""from"":""Sumit bhai "",""amount"":""28060"",""type"":""cash""}]",27-04-2025,1058.00,28060.00,29660.00,-542.00
514,AslamKhan,"[{""from"":""Sumit bhai "",""amount"":""24000"",""type"":""cash""}]",26-04-2025,1118.00,24000.00,24060.00,1058.00
515,AslamKhan,"[{""from"":""Sumit bhai "",""amount"":""148250"",""type"":""cash""},{""from"":""Tools ke jma kiye waps aaye"",""amount"":""500"",""type"":""cash""}]",25-04-2025,2258.00,148750.00,149890.00,1118.00
516,AslamKhan,"[{""from"":""Sumit bhai ( 5k aaj or 5k kal ke)"",""amount"":""10000"",""type"":""cash""}]",24-04-2025,29118.00,10000.00,36860.00,2258.00
517,AslamKhan,,23-04-2025,29118.00,0.00,0.00,29118.00
518,AslamKhan,"[{""from"":""Sumit bhai "",""amount"":""3000"",""type"":""cash""},{""from"":""Harsh Gupta "",""amount"":""45000"",""type"":""cash""}]",22-04-2025,1888.00,48000.00,20770.00,29118.00
519,AslamKhan,"[{""from"":""Sumit bhai "",""amount"":""54000"",""type"":""cash""}]",21-04-2025,2688.00,54000.00,54800.00,1888.00
520,AslamKhan,"[{""from"":""Sumit bhai "",""amount"":""28000"",""type"":""cash""}]",20-04-2025,10114.00,28000.00,35426.00,2688.00
521,AslamKhan,"[{""from"":""Sumit bhai "",""amount"":""36000"",""type"":""cash""}]",19-04-2025,4344.00,36000.00,30230.00,10114.00
522,AslamKhan,"[{""from"":""Sumit bhai "",""amount"":""95000"",""type"":""cash""},{""from"":""Harsh Gupta "",""amount"":""27600"",""type"":""cash""},{""from"":""Tools rent "",""amount"":""500"",""type"":""cash""}]",18-04-2025,4974.00,123100.00,123730.00,4344.00
523,AslamKhan,"[{""from"":""Sumit bhai "",""amount"":""125050"",""type"":""cash""}]",17-04-2025,4674.00,125050.00,124750.00,4974.00
524,AslamKhan,"[{""from"":""Sumit bhai "",""amount"":""291200"",""type"":""cash""},{""from"":""Harsh Gupta "",""amount"":""25000"",""type"":""cash""}]",16-04-2025,4724.00,316200.00,316250.00,4674.00
525,AslamKhan,"[{""from"":""Sumit bhai "",""amount"":""1500"",""type"":""cash""},{""from"":""Harsh Gupta "",""amount"":""35000"",""type"":""cash""},{""from"":""Sumit bhai "",""amount"":""4000"",""type"":""cash""}]",15-04-2025,8374.00,40500.00,44150.00,4724.00
526,AslamKhan,"[{""from"":""Sumit bhai "",""amount"":""670"",""type"":""cash""},{""from"":""Harsh Gupta "",""amount"":""40000"",""type"":""cash""}]",14-04-2025,1844.00,40670.00,34140.00,8374.00
527,AslamKhan,"[{""from"":""Sumit bhai "",""amount"":""9900"",""type"":""cash""},{""from"":""Harsh Gupta "",""amount"":""30000"",""type"":""cash""}]",13-04-2025,1614.00,39900.00,39670.00,1844.00
528,AslamKhan,"[{""from"":""Sumit bhai "",""amount"":""6000"",""type"":""cash""},{""from"":""Harsh Gupta "",""amount"":""35000"",""type"":""cash""}]",12-04-2025,-101.00,41000.00,39285.00,1614.00
529,AslamKhan,"[{""from"":""Harsh Gupta "",""amount"":""45000"",""type"":""cash""},{""from"":""Sumit bhai "",""amount"":""1000"",""type"":""googlepay""}]",11-04-2025,21299.00,46000.00,67400.00,-101.00
530,AslamKhan,"[{""from"":""sumit bhai"",""amount"":""53200"",""type"":""cash""},{""from"":""HARSH GUPTA"",""amount"":""50000"",""type"":""cash""}]",10-04-2025,2509.00,103200.00,84410.00,21299.00
531,AslamKhan,"[{""from"":""Harsh Gupta "",""amount"":""35000"",""type"":""cash""}]",09-04-2025,6549.00,35000.00,39040.00,2509.00
532,AslamKhan,"[{""from"":""Naveen architect"",""amount"":""100000"",""type"":""cash""},{""from"":""Harsh Gupta "",""amount"":""35000"",""type"":""cash""}]",08-04-2025,13929.00,135000.00,142380.00,6549.00
533,AslamKhan,"[{""from"":""Sumit bhai "",""amount"":""7000"",""type"":""cash""},{""from"":""Harsh Gupta "",""amount"":""45000"",""type"":""cash""}]",07-04-2025,9149.00,52000.00,47220.00,13929.00
534,AslamKhan,"[{""from"":""Harsh Gupta "",""amount"":""110565"",""type"":""cash""}]",06-04-2025,1899.00,110565.00,103315.00,9149.00
535,AslamKhan,"[{""from"":""Sumit bhai "",""amount"":""2000"",""type"":""googlepay""},{""from"":""Harsh Gupta "",""amount"":""70000"",""type"":""cash""}]",05-04-2025,10899.00,72000.00,81000.00,1899.00
536,AslamKhan,"[{""from"":""Sumit bhai "",""amount"":""69000"",""type"":""cash""}]",04-04-2025,12099.00,69000.00,70200.00,10899.00
537,AslamKhan,"[{""from"":""sumit bhai "",""amount"":""40320"",""type"":""cash""},{""from"":""HARSH GUPTA"",""amount"":""35000"",""type"":""cash""}]",03-04-2025,1399.00,75320.00,64620.00,12099.00
538,AslamKhan,,02-04-2025,1399.00,0.00,0.00,1399.00
539,AslamKhan,,01-04-2025,1399.00,0.00,0.00,1399.00
540,AslamKhan,,31-03-2025,1399.00,0.00,0.00,1399.00
541,AslamKhan,,30-03-2025,1399.00,0.00,0.00,1399.00
542,AslamKhan,"[{""from"":""Sumit bhai "",""amount"":""5000"",""type"":""cash""},{""from"":""Harsh Gupta "",""amount"":""45000"",""type"":""cash""},{""from"":""KPG Office "",""amount"":""50000"",""type"":""cash""}]",29-03-2025,15439.00,100000.00,114040.00,1399.00
543,AslamKhan,"[{""from"":""Sumit bhai "",""amount"":""6800"",""type"":""cash""},{""from"":""Harsh Gupta "",""amount"":""45000"",""type"":""cash""},{""from"":""Alok jain"",""amount"":""7000"",""type"":""cash""}]",28-03-2025,12784.00,58800.00,56145.00,15439.00
544,AslamKhan,"[{""from"":""Sumit bhai "",""amount"":""15000"",""type"":""cash""},{""from"":""Harsh Gupta "",""amount"":""45000"",""type"":""cash""}]",27-03-2025,25864.00,60000.00,73080.00,12784.00
545,AslamKhan,"[{""from"":""Sumit bhai "",""amount"":""50000"",""type"":""cash""},{""from"":""Harsh Gupta "",""amount"":""40000"",""type"":""cash""},{""from"":""Tools ke jma kiye the "",""amount"":""2000"",""type"":""cash""}]",26-03-2025,54224.00,92000.00,120360.00,25864.00
546,AslamKhan,"[{""from"":""Sumit bhai "",""amount"":""35000"",""type"":""cash""},{""from"":""Harsh Gupta "",""amount"":""45000"",""type"":""cash""},{""from"":""Naveen architect sec 23 "",""amount"":""200000"",""type"":""cash""}]",25-03-2025,4164.00,280000.00,229940.00,54224.00
547,AslamKhan,"[{""from"":""Harsh Gupta "",""amount"":""45000"",""type"":""cash""}]",24-03-2025,4514.00,45000.00,45350.00,4164.00
548,AslamKhan,"[{""from"":""Sumit bhai "",""amount"":""51050"",""type"":""cash""},{""from"":""Harsh Gupta "",""amount"":""45000"",""type"":""cash""}]",23-03-2025,2634.00,96050.00,94170.00,4514.00
549,AslamKhan,"[{""from"":""harsh gupta "",""amount"":""36000"",""type"":""cash""}]",22-03-2025,2114.00,36000.00,35480.00,2634.00
550,AslamKhan,"[{""from"":""Harsh gupra"",""amount"":""45000"",""type"":""cash""},{""from"":""Sumit bhai "",""amount"":""7000"",""type"":""cash""}]",21-03-2025,-76.00,52000.00,49810.00,2114.00
551,AslamKhan,"[{""from"":""Harsh Gupta "",""amount"":""35000"",""type"":""cash""},{""from"":""Sumit bhai "",""amount"":""27900"",""type"":""cash""}]",20-03-2025,2064.00,62900.00,65040.00,-76.00
552,AslamKhan,"[{""from"":""Harsh Gupta "",""amount"":""45000"",""type"":""cash""},{""from"":""Rent tools Cidi ke jo jma kre hue te vo waps aaye "",""amount"":""1000"",""type"":""cash""}]",19-03-2025,4474.00,46000.00,48410.00,2064.00
553,AslamKhan,"[{""from"":""Sumit bhai "",""amount"":""20000"",""type"":""cash""},{""from"":""Harsh Gupta "",""amount"":""30000"",""type"":""cash""},{""from"":""Tools ke jo kiraye ke de rkhe te vo waps aaye"",""amount"":""2500"",""type"":""cash""}]",18-03-2025,25614.00,52500.00,73640.00,4474.00
554,AslamKhan,"[{""from"":""KPG office "",""amount"":""100000"",""type"":""cash""},{""from"":""Harsh Gupta "",""amount"":""35000"",""type"":""cash""}]",17-03-2025,8094.00,135000.00,117480.00,25614.00
555,AslamKhan,"[{""from"":""Sumit bhai "",""amount"":""5000"",""type"":""cash""},{""from"":""Harsh Gupta "",""amount"":""35000"",""type"":""cash""}]",16-03-2025,2204.00,40000.00,34110.00,8094.00
556,AslamKhan,"[{""from"":""Sumit bhai "",""amount"":""5460"",""type"":""cash""}]",15-03-2025,2504.00,5460.00,5760.00,2204.00
557,AslamKhan,,14-03-2025,2504.00,0.00,0.00,2504.00
558,AslamKhan,"[{""from"":""Sumit bhai "",""amount"":""20000"",""type"":""cash""}]",13-03-2025,2724.00,20000.00,20220.00,2504.00
559,AslamKhan,"[{""from"":""Sumit bhai  Gupta ji "",""amount"":""79860"",""type"":""cash""},{""from"":""Sumit bhai "",""amount"":""5000"",""type"":""googlepay""}]",12-03-2025,3064.00,84860.00,85200.00,2724.00
560,AslamKhan,"[{""from"":""Sumit bhai "",""amount"":""57000"",""type"":""cash""}]",11-03-2025,2364.00,57000.00,56300.00,3064.00
561,AslamKhan,"[{""from"":""sumit bhai"",""amount"":""100000"",""type"":""cash""}]",10-03-2025,1894.00,100000.00,99530.00,2364.00
562,AslamKhan,"[{""from"":""harsh gupta"",""amount"":""180000"",""type"":""cash""},{""from"":""sumit bhai"",""amount"":""3000"",""type"":""cash""}]",09-03-2025,3004.00,183000.00,184110.00,1894.00
563,AslamKhan,"[{""from"":""Sumit bhai "",""amount"":""15000"",""type"":""cash""}]",08-03-2025,12614.00,15000.00,24610.00,3004.00
564,AslamKhan,"[{""from"":""harsh gupta"",""amount"":""200000"",""type"":""cash""}]",07-03-2025,3064.00,200000.00,190450.00,12614.00
565,AslamKhan,"[{""from"":""Akshay "",""amount"":""11000"",""type"":""cash""},{""from"":""KPG Office "",""amount"":""46460"",""type"":""cash""}]",06-03-2025,11384.00,57460.00,65780.00,3064.00
566,AslamKhan,"[{""from"":""Akshay "",""amount"":""35000"",""type"":""cash""}]",05-03-2025,12534.00,35000.00,36150.00,11384.00
567,AslamKhan,"[{""from"":""sumit bhai "",""amount"":""35000"",""type"":""cash""},{""from"":""KPG office"",""amount"":""14200"",""type"":""cash""}]",04-03-2025,764.00,49200.00,37430.00,12534.00
568,AslamKhan,"[{""from"":""sumit bhai"",""amount"":""59550"",""type"":""cash""}]",03-03-2025,-531.00,59550.00,58255.00,764.00
569,AslamKhan,"[{""from"":""akshay "",""amount"":""25500"",""type"":""cash""}]",02-03-2025,449.00,25500.00,26480.00,-531.00
570,AslamKhan,"[{""from"":""Sumit bhai "",""amount"":""20000"",""type"":""cash""},{""from"":""Akshay "",""amount"":""18400"",""type"":""cash""}]",01-03-2025,1949.00,38400.00,39900.00,449.00
571,AslamKhan,"[{""from"":""Sumit bhai "",""amount"":""108000"",""type"":""cash""}]",28-02-2025,5129.00,108000.00,111180.00,1949.00
572,AslamKhan,"[{""from"":""Sumit bhai "",""amount"":""57000"",""type"":""cash""}]",27-02-2025,2594.00,57000.00,54465.00,5129.00
573,AslamKhan,,26-02-2025,2594.00,0.00,0.00,2594.00
574,AslamKhan,,25-02-2025,2894.00,0.00,300.00,2594.00
575,AslamKhan,"[{""from"":""sumit bhai"",""amount"":""13000"",""type"":""cash""}]",24-02-2025,2394.00,13000.00,12500.00,2894.00
576,AslamKhan,"[{""from"":""Sumit"",""amount"":""10000"",""type"":""cash""}]",23-02-2025,2394.00,10000.00,10000.00,2394.00
577,AslamKhan,,22-02-2025,2394.00,0.00,0.00,2394.00
578,AslamKhan,,21-02-2025,2394.00,0.00,0.00,2394.00
579,AslamKhan,,20-02-2025,2394.00,0.00,0.00,2394.00
580,AslamKhan,"[{""from"":""sumit bhai"",""amount"":""50000"",""type"":""cash""},{""from"":""akshay"",""amount"":""10000"",""type"":""cash""}]",19-02-2025,16914.00,60000.00,74520.00,2394.00
581,AslamKhan,"[{""from"":""akshay"",""amount"":""220000"",""type"":""cash""},{""from"":""KPG office"",""amount"":""84600"",""type"":""cash""},{""from"":""HARSH GUPTA"",""amount"":""600"",""type"":""cash""}]",18-02-2025,1164.00,305200.00,289450.00,16914.00
582,AslamKhan,"[{""from"":""sumit bhai"",""amount"":""24000"",""type"":""cash""}]",17-02-2025,299.00,24000.00,23135.00,1164.00
583,AslamKhan,"[{""from"":""harsh gupta"",""amount"":""10000"",""type"":""paytm""}]",16-02-2025,1199.00,10000.00,10900.00,299.00
584,AslamKhan,"[{""from"":""sumit bhai "",""amount"":""10000"",""type"":""cash""}]",15-02-2025,3024.00,10000.00,11825.00,1199.00
585,AslamKhan,"[{""from"":""sumit bhai"",""amount"":""8600"",""type"":""cash""}]",14-02-2025,3024.00,8600.00,8600.00,3024.00
586,AslamKhan,"[{""from"":""KPG office "",""amount"":""50000"",""type"":""cash""},{""from"":""Sumit bhai "",""amount"":""30000"",""type"":""cash""}]",13-02-2025,2199.00,80000.00,79175.00,3024.00
587,AslamKhan,"[{""from"":""Sumit bhai "",""amount"":""30000"",""type"":""cash""}]",12-02-2025,1539.00,30000.00,29340.00,2199.00
588,AslamKhan,"[{""from"":""sumit bhai"",""amount"":""52900"",""type"":""cash""}]",11-02-2025,14189.00,52900.00,65550.00,1539.00
589,AslamKhan,"[{""from"":""sumit bhai "",""amount"":""37500"",""type"":""cash""},{""from"":""KPG office"",""amount"":""184930"",""type"":""cash""}]",10-02-2025,239.00,222430.00,208480.00,14189.00
590,AslamKhan,"[{""from"":""Sumit Bhai"",""amount"":""43050"",""type"":""cash""}]",09-02-2025,4439.00,43050.00,47250.00,239.00
591,AslamKhan,"[{""from"":""KPG OFFICE"",""amount"":""37500"",""type"":""cash""},{""from"":""HARSH GUPTA"",""amount"":""80000"",""type"":""cash""},{""from"":""SUMIT BHAI"",""amount"":""10000"",""type"":""cash""}]",08-02-2025,12009.00,127500.00,135070.00,4439.00
592,AslamKhan,,07-02-2025,28229.00,0.00,16220.00,12009.00
593,AslamKhan,"[{""from"":""Sumit bhai "",""amount"":""50000"",""type"":""cash""}]",06-02-2025,9044.00,50000.00,30815.00,28229.00
594,AslamKhan,"[{""from"":""Sumit bhai "",""amount"":""91000"",""type"":""cash""}]",05-02-2025,644.00,91000.00,82600.00,9044.00
595,AslamKhan,"[{""from"":""Sumit bhai "",""amount"":""32000"",""type"":""googlepay""}]",04-02-2025,2000.00,32000.00,33356.00,644.00
596,AslamKhan,"[{""from"":""Sumit bhai "",""amount"":""28685"",""type"":""googlepay""}]",03-02-2025,930.00,28685.00,27615.00,2000.00
597,AslamKhan,,02-02-2025,930.00,0.00,0.00,930.00
598,AslamKhan,"[{""from"":""Sumit bhai "",""amount"":""2050"",""type"":""googlepay""}]",01-02-2025,5150.00,2050.00,6270.00,930.00
599,AslamKhan,"[{""from"":""Sumit bhai "",""amount"":""295000"",""type"":""cash""}]",31-01-2025,3586.00,295000.00,293436.00,5150.00
600,AslamKhan,"[{""from"":""Sumit bhai "",""amount"":""71500"",""type"":""cash""}]",30-01-2025,19731.00,71500.00,87645.00,3586.00
601,AslamKhan,,29-01-2025,37821.00,0.00,18090.00,19731.00
602,AslamKhan,"[{""from"":""Sumit bhai "",""amount"":""96800"",""type"":""cash""}]",28-01-2025,981.00,96800.00,59960.00,37821.00
603,AslamKhan,,27-01-2025,6381.00,0.00,5400.00,981.00
604,AslamKhan,"[{""from"":""sumit bhai"",""amount"":""1000"",""type"":""cash""}]",26-01-2025,6381.00,1000.00,1000.00,6381.00
605,AslamKhan,"[{""from"":""Sumit bhai "",""amount"":""58000"",""type"":""cash""}]",25-01-2025,30515.00,58000.00,82134.00,6381.00
606,AslamKhan,"[{""from"":""Sumit bhai "",""amount"":""108000"",""type"":""cash""}]",24-01-2025,75.00,108000.00,77560.00,30515.00
607,AslamKhan,"[{""from"":""sumit bhai"",""amount"":""30000"",""type"":""cash""}]",23-01-2025,14685.00,30000.00,44610.00,75.00
608,AslamKhan,"[{""from"":""Sumit bhai "",""amount"":""727200"",""type"":""cash""}]",22-01-2025,205.00,727200.00,712720.00,14685.00
609,AslamKhan,"[{""from"":""Sumit bhai "",""amount"":""2500"",""type"":""googlepay""}]",21-01-2025,1335.00,2500.00,3630.00,205.00
610,AslamKhan,"[{""from"":""Sumit bhai "",""amount"":""1000"",""type"":""cash""},{""from"":""Harsh Gupta "",""amount"":""5000"",""type"":""paytm""}]",20-01-2025,675.00,6000.00,5340.00,1335.00
611,AslamKhan,"[{""from"":""sumit bhai "",""amount"":""16360"",""type"":""googlepay""}]",19-01-2025,1159.00,16360.00,16844.00,675.00
612,AslamKhan,"[{""from"":""Sumit bhai "",""amount"":""11000"",""type"":""cash""}]",18-01-2025,764.00,11000.00,10605.00,1159.00
613,AslamKhan,"[{""from"":""Sumit bhai "",""amount"":""4000"",""type"":""googlepay""}]",17-01-2025,354.00,4000.00,3590.00,764.00
614,AslamKhan,"[{""from"":""Sumit bhai "",""amount"":""44000"",""type"":""cash""},{""from"":""Harsh Gupta "",""amount"":""65000"",""type"":""cash""}]",16-01-2025,324.00,109000.00,108970.00,354.00
615,AslamKhan,"[{""from"":""Sumit bhai "",""amount"":""5000"",""type"":""cash""}]",15-01-2025,6949.00,5000.00,11625.00,324.00
616,AslamKhan,"[{""from"":""Sumit bhai "",""amount"":""228000"",""type"":""cash""}]",14-01-2025,409.00,228000.00,221460.00,6949.00
617,AslamKhan,"[{""from"":""Sumit bhai "",""amount"":""41000"",""type"":""cash""}]",13-01-2025,409.00,41000.00,41000.00,409.00
618,AslamKhan,,12-01-2025,409.00,0.00,0.00,409.00
619,AslamKhan,"[{""from"":""KPG Office "",""amount"":""200000"",""type"":""cash""}]",11-01-2025,9.00,200000.00,199600.00,409.00
620,AslamKhan,"[{""from"":""sumit bhai 7K or 5k"",""amount"":""12000"",""type"":""cash""}]",10-01-2025,-4743.00,12000.00,7248.00,9.00
621,AslamKhan,"[{""from"":""0"",""amount"":""0"",""type"":""cash""}]",09-01-2025,637.00,0.00,5380.00,-4743.00
622,AslamKhan,,08-01-2025,7973.00,0.00,7336.00,637.00
623,AslamKhan,"[{""from"":""Sumit bhai "",""amount"":""250000"",""type"":""cash""}]",07-01-2025,17223.00,250000.00,259250.00,7973.00
624,AslamKhan,"[{""from"":""sumit bhai"",""amount"":""114500"",""type"":""cash""}]",06-01-2025,383.00,114500.00,97660.00,17223.00
625,AslamKhan,"[{""from"":""sumit bhai"",""amount"":""50000"",""type"":""cash""}]",05-01-2025,3683.00,50000.00,53300.00,383.00
626,AslamKhan,"[{""from"":""Sumit bhai "",""amount"":""7000"",""type"":""cash""}]",04-01-2025,3523.00,7000.00,6840.00,3683.00
627,AslamKhan,"[{""from"":""KPG office "",""amount"":""285950"",""type"":""cash""}]",03-01-2025,3292.00,285950.00,285719.00,3523.00
628,AslamKhan,"[{""from"":""Sumit bhai "",""amount"":""1000"",""type"":""cash""}]",02-01-2025,3292.00,1000.00,1000.00,3292.00
629,AslamKhan,,01-01-2025,4252.00,0.00,960.00,3292.00
630,AslamKhan,"[{""from"":""Sumit bhai "",""amount"":""55000"",""type"":""cash""}]",31-12-2024,14732.00,55000.00,65480.00,4252.00
631,AslamKhan,"[{""from"":""Sumit bhai "",""amount"":""116250"",""type"":""cash""}]",30-12-2024,23122.00,116250.00,124640.00,14732.00
632,AslamKhan,"[{""from"":""Sumit bhai "",""amount"":""50000"",""type"":""cash""}]",29-12-2024,2037.00,50000.00,28915.00,23122.00
633,AslamKhan,"[{""from"":""sumit bhai"",""amount"":""28000"",""type"":""cash""}]",28-12-2024,2037.00,28000.00,28000.00,2037.00
634,AslamKhan,,27-12-2024,4997.00,0.00,2960.00,2037.00
635,AslamKhan,"[{""from"":""Sumit bhai ( kal diye te)"",""amount"":""65000"",""type"":""cash""}]",26-12-2024,90897.00,65000.00,150900.00,4997.00
636,AslamKhan,"[{""from"":""KPG office "",""amount"":""100000"",""type"":""cash""}]",25-12-2024,26577.00,100000.00,35680.00,90897.00
637,AslamKhan,"[{""from"":""Sumit bhai "",""amount"":""315000"",""type"":""cash""}]",24-12-2024,3692.00,315000.00,292115.00,26577.00
638,AslamKhan,"[{""from"":""Sumit bhai "",""amount"":""66575"",""type"":""cash""}]",23-12-2024,-458.00,66575.00,62425.00,3692.00
639,AslamKhan,"[{""from"":""Sumit bhai "",""amount"":""12000"",""type"":""cash""}]",22-12-2024,872.00,12000.00,13330.00,-458.00
640,AslamKhan,"[{""from"":""sumit bhai"",""amount"":""150000"",""type"":""cash""}]",21-12-2024,17162.00,150000.00,166290.00,872.00
641,AslamKhan,"[{""from"":""Sumit bhai "",""amount"":""33500"",""type"":""cash""}]",20-12-2024,17162.00,33500.00,33500.00,17162.00
642,AslamKhan,"[{""from"":""Sumit bhai "",""amount"":""39000"",""type"":""cash""}]",19-12-2024,3052.00,39000.00,24890.00,17162.00
643,AslamKhan,"[{""from"":""Sumit bhai "",""amount"":""722600"",""type"":""cash""}]",18-12-2024,727.00,722600.00,720275.00,3052.00
644,AslamKhan,"[{""from"":""Sumit bhai "",""amount"":""31500"",""type"":""cash""}]",17-12-2024,137.00,31500.00,30910.00,727.00
645,AslamKhan,"[{""from"":""Sumit bhai "",""amount"":""112000"",""type"":""cash""}]",16-12-2024,3187.00,112000.00,115050.00,137.00
646,AslamKhan,"[{""from"":""Sumit bhai "",""amount"":""50000"",""type"":""cash""}]",15-12-2024,-213.00,50000.00,46600.00,3187.00
647,AslamKhan,"[{""from"":""Sumit bhai "",""amount"":""26500"",""type"":""cash""}]",14-12-2024,337.00,26500.00,27050.00,-213.00
648,AslamKhan,"[{""from"":""Sumit bhai "",""amount"":""30000"",""type"":""googlepay""}]",13-12-2024,337.00,30000.00,30000.00,337.00
649,AslamKhan,,12-12-2024,21412.00,0.00,21075.00,337.00
650,AslamKhan,"[{""from"":""Sumit bhai "",""amount"":""150000"",""type"":""cash""}]",11-12-2024,7772.00,150000.00,136360.00,21412.00
651,AslamKhan,"[{""from"":""Sumit bhai "",""amount"":""155450"",""type"":""cash""}]",10-12-2024,3832.00,155450.00,151510.00,7772.00
652,AslamKhan,"[{""from"":""Sumit bhai "",""amount"":""182500"",""type"":""cash""}]",09-12-2024,-968.00,182500.00,177700.00,3832.00
653,AslamKhan,"[{""from"":""Sumit bhai "",""amount"":""17800"",""type"":""googlepay""},{""from"":""Cement Khali bag "",""amount"":""300"",""type"":""cash""}]",08-12-2024,-658.00,18100.00,18410.00,-968.00
654,AslamKhan,"[{""from"":""Sumit bhai "",""amount"":""40900"",""type"":""cash""}]",07-12-2024,-968.00,40900.00,40590.00,-658.00
655,AslamKhan,"[{""from"":""Sumit bhai"",""amount"":""125000"",""type"":""cash""}]",06-12-2024,-1398.00,125000.00,124570.00,-968.00
656,AslamKhan,"[{""from"":""Sumit"",""amount"":""70000"",""type"":""cash""}]",05-12-2024,-1268.00,70000.00,70130.00,-1398.00
657,AslamKhan,"[{""from"":""Sumit bhai "",""amount"":""92500"",""type"":""cash""}]",04-12-2024,-1438.00,92500.00,92330.00,-1268.00
658,AslamKhan,"[{""from"":""sumit bhai"",""amount"":""10000"",""type"":""cash""}]",03-12-2024,-638.00,10000.00,10800.00,-1438.00
659,AslamKhan,"[{""from"":""sumit bhai"",""amount"":""10000"",""type"":""cash""}]",02-12-2024,-1098.00,10000.00,9540.00,-638.00
660,AslamKhan,"[{""from"":""Sumit bhai "",""amount"":""100000"",""type"":""cash""}]",01-12-2024,-1098.00,100000.00,100000.00,-1098.00
661,AslamKhan,"[{""from"":""Sumit bhai "",""amount"":""10000"",""type"":""cash""}]",30-11-2024,-898.00,10000.00,10200.00,-1098.00
662,AslamKhan,,29-11-2024,-498.00,0.00,400.00,-898.00
663,AslamKhan,,28-11-2024,-498.00,0.00,0.00,-498.00
664,AslamKhan,"[{""from"":""Sumit bhai "",""amount"":""5000"",""type"":""cash""}]",27-11-2024,-1133.00,5000.00,4365.00,-498.00
665,AslamKhan,,26-11-2024,357.00,0.00,1490.00,-1133.00
666,AslamKhan,"[{""from"":""Sumit bhai "",""amount"":""50000"",""type"":""cash""},{""from"":""Manvendra bhai "",""amount"":""20000"",""type"":""cash""}]",25-11-2024,242.00,70000.00,69885.00,357.00
667,AslamKhan,"[{""from"":""Manvendra bhai "",""amount"":""2000"",""type"":""cash""}]",24-11-2024,5382.00,2000.00,7140.00,242.00
668,AslamKhan,"[{""from"":""Sumit bhai "",""amount"":""7000"",""type"":""cash""},{""from"":""KPG Office "",""amount"":""62500"",""type"":""cash""}]",23-11-2024,2872.00,69500.00,66990.00,5382.00
669,AslamKhan,"[{""from"":""Sumit bhai "",""amount"":""6000"",""type"":""googlepay""}]",22-11-2024,5742.00,6000.00,8870.00,2872.00
670,AslamKhan,"[{""from"":""Sumit bhai "",""amount"":""80000"",""type"":""cash""}]",21-11-2024,7292.00,80000.00,81550.00,5742.00
671,AslamKhan,"[{""from"":""Sumit bhai "",""amount"":""52000"",""type"":""cash""}]",20-11-2024,7292.00,52000.00,52000.00,7292.00
672,AslamKhan,"[{""from"":""KPG Office "",""amount"":""54400"",""type"":""cash""}]",19-11-2024,7792.00,54400.00,54900.00,7292.00
673,AslamKhan,"[{""from"":""Sumit bhai "",""amount"":""100000"",""type"":""cash""}]",18-11-2024,1992.00,100000.00,94200.00,7792.00
674,AslamKhan,"[{""from"":""Sumit bhai "",""amount"":""7000"",""type"":""cash""}]",17-11-2024,1242.00,7000.00,6250.00,1992.00
675,AslamKhan,"[{""from"":""Sumit bhai (1k+15k)"",""amount"":""16000"",""type"":""cash""}]",16-11-2024,4082.00,16000.00,18840.00,1242.00
676,AslamKhan,"[{""from"":""Sumit bhai "",""amount"":""7000"",""type"":""cash""},{""from"":""Sumit"",""amount"":""10000"",""type"":""cash""}]",15-11-2024,3772.00,17000.00,16690.00,4082.00
677,AslamKhan,"[{""from"":""Sumit bhai "",""amount"":""24000"",""type"":""cash""},{""from"":""Sumit bhai "",""amount"":""1500"",""type"":""cash""}]",14-11-2024,3822.00,25500.00,25550.00,3772.00
678,AslamKhan,"[{""from"":""Sumit bhai "",""amount"":""16000"",""type"":""cash""}]",13-11-2024,3442.00,16000.00,15620.00,3822.00
679,AslamKhan,"[{""from"":""Sumit bhai "",""amount"":""22500"",""type"":""cash""}]",12-11-2024,3342.00,22500.00,22400.00,3442.00
680,AslamKhan,"[{""from"":""Sumit bhai "",""amount"":""8500"",""type"":""cash""}]",11-11-2024,3572.00,8500.00,8730.00,3342.00
681,AslamKhan,"[{""from"":""Sumit bhai "",""amount"":""15600"",""type"":""cash""}]",10-11-2024,3942.00,15600.00,15970.00,3572.00
682,AslamKhan,"[{""from"":""Sumit bhai "",""amount"":""15000"",""type"":""cash""}]",09-11-2024,4292.00,15000.00,15350.00,3942.00
683,AslamKhan,"[{""from"":""Sumit bhai ( jafruddin ko diye)"",""amount"":""20000"",""type"":""cash""}]",08-11-2024,4292.00,20000.00,20000.00,4292.00
684,AslamKhan,"[{""from"":""KPG office "",""amount"":""29750"",""type"":""cash""}]",07-11-2024,4772.00,29750.00,30230.00,4292.00
685,AslamKhan,"[{""from"":""Sumit bhai "",""amount"":""11000"",""type"":""googlepay""}]",06-11-2024,4817.00,11000.00,11045.00,4772.00
686,AslamKhan,"[{""from"":""Sumit bhai "",""amount"":""6500"",""type"":""cash""}]",05-11-2024,3517.00,6500.00,5200.00,4817.00
687,AslamKhan,"[{""from"":""Sumit bhai "",""amount"":""3000"",""type"":""googlepay""},{""from"":""Sumit bhai (3 Nov babu lal)"",""amount"":""1000"",""type"":""googlepay""}]",04-11-2024,3517.00,4000.00,4000.00,3517.00
688,AslamKhan,"[{""from"":""Sumit bhai "",""amount"":""4500"",""type"":""cash""}]",03-11-2024,3637.00,4500.00,4620.00,3517.00
689,AslamKhan,"[{""from"":""Sumit bhai (8500+5500)"",""amount"":""14000"",""type"":""cash""}]",02-11-2024,4097.00,14000.00,14460.00,3637.00
690,AslamKhan,,01-11-2024,8697.00,0.00,4600.00,4097.00
691,AslamKhan,,31-10-2024,8697.00,0.00,0.00,8697.00
692,AslamKhan,"[{""from"":""Sumit bhai "",""amount"":""50000"",""type"":""cash""}]",30-10-2024,7227.00,50000.00,48530.00,8697.00
693,AslamKhan,,29-10-2024,11927.00,0.00,4700.00,7227.00
694,AslamKhan,"[{""from"":""KPG Office "",""amount"":""13300"",""type"":""cash""}]",28-10-2024,2407.00,13300.00,3780.00,11927.00
695,AslamKhan,"[{""from"":""Sumit bhai (13000+13300)"",""amount"":""26300"",""type"":""cash""}]",27-10-2024,2307.00,26300.00,26200.00,2407.00
696,AslamKhan,"[{""from"":""Sumit Bhaiya"",""amount"":""1500"",""type"":""cash""}]",26-10-2024,2707.00,1500.00,1900.00,2307.00
697,AslamKhan,"[{""from"":""KPG Office "",""amount"":""20800"",""type"":""cash""}]",25-10-2024,4407.00,20800.00,22500.00,2707.00
698,AslamKhan,"[{""from"":""Sumit bhai "",""amount"":""6000"",""type"":""cash""},{""from"":""Vipin bhai "",""amount"":""5000"",""type"":""cash""}]",24-10-2024,4197.00,11000.00,10790.00,4407.00
699,AslamKhan,"[{""from"":""Sumit bhai "",""amount"":""5500"",""type"":""cash""}]",23-10-2024,5657.00,5500.00,6960.00,4197.00
700,AslamKhan,"[{""from"":""Sumit bhai "",""amount"":""2000"",""type"":""cash""}]",22-10-2024,8217.00,2000.00,4560.00,5657.00
701,AslamKhan,,21-10-2024,8217.00,0.00,0.00,8217.00
702,AslamKhan,,20-10-2024,8817.00,0.00,600.00,8217.00
703,AslamKhan,"[{""from"":""KPG Office "",""amount"":""21000"",""type"":""cash""}]",19-10-2024,10727.00,21000.00,22910.00,8817.00
704,AslamKhan,"[{""from"":""Saman Wapas kiya (Bharat) "",""amount"":""700"",""type"":""cash""},{""from"":""Sumit Bhaiya"",""amount"":""35000"",""type"":""cash""},{""from"":""KPG Office"",""amount"":""24600"",""type"":""cash""}]",18-10-2024,657.00,60300.00,50230.00,10727.00
705,AslamKhan,"[{""from"":""Sumit bhai "",""amount"":""10500"",""type"":""cash""},{""from"":""KPG Office"",""amount"":""2250"",""type"":""cash""}]",17-10-2024,1162.00,12750.00,13255.00,657.00
706,AslamKhan,"[{""from"":""Sumit bhai "",""amount"":""3000"",""type"":""cash""}]",16-10-2024,662.00,3000.00,2500.00,1162.00
707,AslamKhan,"[{""from"":""Sumit bhai "",""amount"":""6000"",""type"":""googlepay""}]",15-10-2024,812.00,6000.00,6150.00,662.00
708,AslamKhan,"[{""from"":""Sumit bhai "",""amount"":""11500"",""type"":""cash""}]",14-10-2024,422.00,11500.00,11110.00,812.00
709,AslamKhan,"[{""from"":""Sumit bhai "",""amount"":""1000"",""type"":""googlepay""}]",13-10-2024,5072.00,1000.00,5650.00,422.00
710,AslamKhan,"[{""from"":""Sumit bhai "",""amount"":""3000"",""type"":""googlepay""},{""from"":""Sumit bhai ( Rafiq ke liye)"",""amount"":""5000"",""type"":""cash""}]",12-10-2024,72.00,8000.00,3000.00,5072.00
711,AslamKhan,"[{""from"":""Sumit bhai "",""amount"":""5000"",""type"":""googlepay""}]",11-10-2024,4172.00,5000.00,9100.00,72.00
712,AslamKhan,"[{""from"":""Sumit bhai "",""amount"":""50000"",""type"":""cash""}]",10-10-2024,560.00,50000.00,46388.00,4172.00
713,AslamKhan,"[{""from"":""Sumit bhai "",""amount"":""1000"",""type"":""googlepay""}]",09-10-2024,310.00,1000.00,750.00,560.00
714,AslamKhan,,08-10-2024,310.00,0.00,0.00,310.00
715,AslamKhan,"[{""from"":""Sumit bhai "",""amount"":""2000"",""type"":""googlepay""}]",07-10-2024,550.00,2000.00,2240.00,310.00
716,AslamKhan,,06-10-2024,550.00,0.00,0.00,550.00
717,AslamKhan,"[{""from"":""Sumit bhai "",""amount"":""10000"",""type"":""googlepay""},{""from"":""Sumit Bhai"",""amount"":""1000"",""type"":""googlepay""}]",05-10-2024,400.00,11000.00,10850.00,550.00
718,AslamKhan,"[{""from"":""Sumit bhai "",""amount"":""1500"",""type"":""googlepay""}]",04-10-2024,800.00,1500.00,1900.00,400.00
719,AslamKhan,"[{""from"":""Sumit bhai "",""amount"":""4000"",""type"":""cash""}]",03-10-2024,800.00,4000.00,4000.00,800.00
720,AslamKhan,,02-10-2024,880.00,0.00,80.00,800.00
721,AslamKhan,,01-10-2024,880.00,0.00,0.00,880.00
722,AslamKhan,"[{""from"":""Sumit bhai "",""amount"":""6800"",""type"":""googlepay""}]",30-09-2024,1430.00,6800.00,7350.00,880.00
723,AslamKhan,,29-09-2024,2000.00,0.00,570.00,1430.00
724,AslamKhan,"[{""from"":""Sumit bhai "",""amount"":""8000"",""type"":""googlepay""}]",28-09-2024,1800.00,8000.00,7800.00,2000.00
725,AslamKhan,"[{""from"":""Sumit bhai ( by cheque)"",""amount"":""105235"",""type"":""online transfter""}]",27-09-2024,1800.00,105235.00,105235.00,1800.00
726,AslamKhan,"[{""from"":""Sumit bhai  (15+3)."",""amount"":""18000"",""type"":""googlepay""}]",26-09-2024,50.00,18000.00,16250.00,1800.00
727,AslamKhan,"[{""from"":""Sumit bhai "",""amount"":""10000"",""type"":""googlepay""}]",25-09-2024,1200.00,10000.00,11150.00,50.00
728,AslamKhan,"[{""from"":""Sumit bhai ( Bank se nikale)"",""amount"":""100000"",""type"":""cash""}]",24-09-2024,1200.00,100000.00,100000.00,1200.00
729,AslamKhan,"[{""from"":""Sumit bhai "",""amount"":""1500"",""type"":""googlepay""}]",23-09-2024,1200.00,1500.00,1500.00,1200.00
730,AslamKhan,,22-09-2024,1200.00,0.00,0.00,1200.00
731,AslamKhan,,21-09-2024,1350.00,0.00,150.00,1200.00
732,AslamKhan,,20-09-2024,11350.00,0.00,10000.00,1350.00
733,AslamKhan,"[{""from"":""Sumit bhai "",""amount"":""27000"",""type"":""cash""}]",19-09-2024,-650.00,27000.00,15000.00,11350.00
734,AslamKhan,,18-09-2024,-650.00,0.00,0.00,-650.00
735,AslamKhan,,17-09-2024,-650.00,0.00,0.00,-650.00
736,AslamKhan,,16-09-2024,-650.00,0.00,0.00,-650.00
737,AslamKhan,"[{""from"":""Sumit bhai "",""amount"":""500"",""type"":""googlepay""}]",15-09-2024,-980.00,500.00,170.00,-650.00
738,AslamKhan,,14-09-2024,-980.00,0.00,0.00,-980.00
739,AslamKhan,"[{""from"":""Sumit bhai ( 12\/9\/24 ) kl diye the "",""amount"":""5000"",""type"":""googlepay""}]",13-09-2024,-980.00,5000.00,5000.00,-980.00
740,AslamKhan,,12-09-2024,-980.00,0.00,0.00,-980.00
741,AslamKhan,"[{""from"":""Sumit bhai.( 15k+8.5k+1k)"",""amount"":""24500"",""type"":""cash""}]",11-09-2024,-980.00,24500.00,24500.00,-980.00
742,AslamKhan,,10-09-2024,-980.00,0.00,0.00,-980.00
743,AslamKhan,,09-09-2024,-780.00,0.00,200.00,-980.00
744,AslamKhan,,08-09-2024,-280.00,0.00,500.00,-780.00
745,AslamKhan,,07-09-2024,-280.00,0.00,0.00,-280.00
746,AslamKhan,,06-09-2024,-280.00,0.00,0.00,-280.00
747,AslamKhan,,05-09-2024,-280.00,0.00,0.00,-280.00
748,AslamKhan,,04-09-2024,-280.00,0.00,0.00,-280.00
749,AslamKhan,"[{""from"":""Sumit bhai "",""amount"":""2500"",""type"":""googlepay""}]",03-09-2024,-580.00,2500.00,2200.00,-280.00
750,AslamKhan,"[{""from"":""Imran bhai "",""amount"":""1500"",""type"":""paytm""}]",02-09-2024,-200.00,1500.00,1880.00,-580.00
751,AslamKhan,,01-09-2024,-200.00,0.00,0.00,-200.00
752,AslamKhan,,31-08-2024,690.00,0.00,890.00,-200.00
753,AslamKhan,"[{""from"":""Sumit bhai "",""amount"":""5000"",""type"":""googlepay""}]",30-08-2024,-640.00,5000.00,3670.00,690.00
754,AslamKhan,,29-08-2024,-640.00,0.00,0.00,-640.00
755,AslamKhan,,28-08-2024,15040.00,0.00,15680.00,-640.00
756,AslamKhan,"[{""from"":""0"",""amount"":""0"",""type"":""cash""}]",27-08-2024,15040.00,0.00,0.00,15040.00
757,AslamKhan,"[{""from"":""Sumit bhai "",""amount"":""26000"",""type"":""cash""}]",26-08-2024,-160.00,26000.00,10800.00,15040.00
758,AslamKhan,,25-08-2024,-160.00,0.00,0.00,-160.00
759,AslamKhan,,24-08-2024,-160.00,0.00,0.00,-160.00
760,AslamKhan,"[{""from"":""Sumit bhai "",""amount"":""15000"",""type"":""googlepay""},{""from"":""Sumit bhai "",""amount"":""15000"",""type"":""googlepay""}]",23-08-2024,-160.00,15000.00,15000.00,-160.00
761,AslamKhan,,22-08-2024,-160.00,0.00,0.00,-160.00
762,AslamKhan,"[{""from"":""Sumit bhai (17\/09\/24)"",""amount"":""25900"",""type"":""googlepay""}]",21-08-2024,80.00,25900.00,26140.00,-160.00
763,AslamKhan,,16-08-2024,80.00,0.00,0.00,80.00
764,AslamKhan,,15-08-2024,80.00,0.00,0.00,80.00
765,AslamKhan,"[{""from"":""Sumit bhai "",""amount"":""500"",""type"":""googlepay""}]",14-08-2024,80.00,500.00,500.00,80.00
766,AslamKhan,"[{""from"":""Manvendra bhai "",""amount"":""600"",""type"":""paytm""}]",13-08-2024,-20.00,600.00,500.00,80.00
767,AslamKhan,"[{""from"":""Sumit bhai "",""amount"":""580"",""type"":""googlepay""}]",12-08-2024,30.00,580.00,630.00,-20.00
768,AslamKhan,,11-08-2024,30.00,0.00,0.00,30.00
769,AslamKhan,"[{""from"":""Sumit bhai "",""amount"":""1000"",""type"":""googlepay""}]",10-08-2024,30.00,1000.00,1000.00,30.00
770,AslamKhan,"[{""from"":""Sumit bhai "",""amount"":""535"",""type"":""googlepay""}]",09-08-2024,30.00,535.00,535.00,30.00
771,AslamKhan,,08-08-2024,230.00,0.00,200.00,30.00
772,AslamKhan,,07-08-2024,310.00,0.00,80.00,230.00
773,AslamKhan,,06-08-2024,390.00,0.00,80.00,310.00
774,AslamKhan,"[{""from"":""Sumit bhai "",""amount"":""2000"",""type"":""googlepay""}]",05-08-2024,-10.00,2000.00,1600.00,390.00
775,AslamKhan,"[{""from"":""Sumit bhai "",""amount"":""1600"",""type"":""googlepay""}]",04-08-2024,-10.00,1600.00,1600.00,-10.00
776,AslamKhan,"[{""from"":""Sumit bhai "",""amount"":""1600"",""type"":""googlepay""}]",03-08-2024,-10.00,1600.00,1600.00,-10.00
777,AslamKhan,"[{""from"":""Sumit bhai "",""amount"":""15000"",""type"":""googlepay""},{""from"":""Sumit bhai "",""amount"":""5000"",""type"":""googlepay""}]",02-08-2024,-10.00,20000.00,20000.00,-10.00
778,AslamKhan,,01-08-2024,70.00,0.00,80.00,-10.00
779,AslamKhan,"[{""from"":""Sumit bhai "",""amount"":""1000"",""type"":""googlepay""}]",31-07-2024,-10.00,1000.00,920.00,70.00
780,AslamKhan,,30-07-2024,-10.00,0.00,0.00,-10.00
781,AslamKhan,"[{""from"":""Sumit bhai "",""amount"":""7000"",""type"":""googlepay""}]",29-07-2024,-490.00,7000.00,6520.00,-10.00
782,AslamKhan,"[{""from"":""Sumit bhai "",""amount"":""4000"",""type"":""googlepay""}]",28-07-2024,-950.00,4000.00,3540.00,-490.00
783,AslamKhan,,27-07-2024,-850.00,0.00,100.00,-950.00
784,AslamKhan,,26-07-2024,-250.00,0.00,600.00,-850.00
785,AslamKhan,,25-07-2024,-250.00,0.00,0.00,-250.00
786,AslamKhan,,24-07-2024,-170.00,0.00,80.00,-250.00
787,AslamKhan,"[{""from"":""Sumit bhai "",""amount"":""13000"",""type"":""googlepay""}]",23-07-2024,-890.00,13000.00,12280.00,-170.00
788,AslamKhan,,22-07-2024,590.00,0.00,1480.00,-890.00
789,AslamKhan,,21-07-2024,1790.00,0.00,1200.00,590.00
790,AslamKhan,"[{""from"":""Sumit bhai "",""amount"":""10000"",""type"":""googlepay""}]",20-07-2024,4100.00,10000.00,12310.00,1790.00
791,AslamKhan,"[{""from"":""Sumit bhai "",""amount"":""25000"",""type"":""googlepay""}]",19-07-2024,1500.00,25000.00,22400.00,4100.00
792,AslamKhan,,18-07-2024,1615.00,0.00,115.00,1500.00
793,AslamKhan,,17-07-2024,1615.00,0.00,0.00,1615.00
794,AslamKhan,"[{""from"":""Manvendra bhai "",""amount"":""8000"",""type"":""paytm""}]",16-07-2024,1215.00,8000.00,7600.00,1615.00
795,AslamKhan,,15-07-2024,2255.00,0.00,1040.00,1215.00
796,AslamKhan,,14-07-2024,3455.00,0.00,1200.00,2255.00
797,AslamKhan,,13-07-2024,3455.00,0.00,0.00,3455.00
798,AslamKhan,,12-07-2024,3455.00,0.00,0.00,3455.00
799,AslamKhan,,11-07-2024,23515.00,0.00,20060.00,3455.00
800,AslamKhan,"[{""from"":""Sumit bhai "",""amount"":""20000"",""type"":""cash""}]",10-07-2024,3615.00,20000.00,100.00,23515.00
801,AslamKhan,,09-07-2024,3615.00,0.00,0.00,3615.00
802,AslamKhan,"[{""from"":""Sumit bhai "",""amount"":""2000"",""type"":""googlepay""}]",08-07-2024,3315.00,2000.00,1700.00,3615.00
803,AslamKhan,,07-07-2024,4465.00,0.00,1150.00,3315.00
804,AslamKhan,"[{""from"":""Sumit bhai "",""amount"":""20000"",""type"":""googlepay""}]",06-07-2024,2365.00,20000.00,17900.00,4465.00
805,AslamKhan,,05-07-2024,2465.00,0.00,100.00,2365.00
806,AslamKhan,,04-07-2024,2465.00,0.00,0.00,2465.00
807,AslamKhan,,03-07-2024,2465.00,0.00,0.00,2465.00
808,AslamKhan,,02-07-2024,2465.00,0.00,0.00,2465.00
809,AslamKhan,"[{""from"":""Sumit bhai "",""amount"":""7000"",""type"":""googlepay""}]",01-07-2024,1065.00,7000.00,5600.00,2465.00
810,AslamKhan,,30-06-2024,1465.00,0.00,400.00,1065.00
811,AslamKhan,,29-06-2024,3125.00,0.00,1660.00,1465.00
812,AslamKhan,,28-06-2024,3675.00,0.00,550.00,3125.00
813,AslamKhan,,27-06-2024,3775.00,0.00,100.00,3675.00
814,AslamKhan,,26-06-2024,3875.00,0.00,100.00,3775.00
815,AslamKhan,"[{""from"":""Murlidhar uncle ji wave home "",""amount"":""30000"",""type"":""paytm""}]",25-06-2024,1785.00,30000.00,27910.00,3875.00
816,AslamKhan,"[{""from"":""Sumit bhai "",""amount"":""7000"",""type"":""googlepay""}]",24-06-2024,1535.00,7000.00,6750.00,1785.00
817,AslamKhan,,23-06-2024,1635.00,0.00,100.00,1535.00
818,AslamKhan,,22-06-2024,2705.00,0.00,1070.00,1635.00
819,AslamKhan,"[{""from"":""Sumit bhai (5k aaj or 3k kal diye te)"",""amount"":""8000"",""type"":""googlepay""}]",21-06-2024,840.00,8000.00,6135.00,2705.00
820,AslamKhan,,20-06-2024,1790.00,0.00,950.00,840.00
821,AslamKhan,,19-06-2024,1790.00,0.00,0.00,1790.00
822,AslamKhan,,18-06-2024,1790.00,0.00,0.00,1790.00
823,AslamKhan,,17-06-2024,1790.00,0.00,0.00,1790.00
824,AslamKhan,"[{""from"":""Sumit bhai "",""amount"":""5000"",""type"":""googlepay""}]",16-06-2024,740.00,5000.00,3950.00,1790.00
825,AslamKhan,"[{""from"":""Sumit bhai "",""amount"":""10000"",""type"":""googlepay""}]",15-06-2024,490.00,10000.00,9750.00,740.00
826,AslamKhan,,14-06-2024,790.00,0.00,300.00,490.00
827,AslamKhan,,13-06-2024,1740.00,0.00,950.00,790.00
828,AslamKhan,,12-06-2024,1840.00,0.00,100.00,1740.00
829,AslamKhan,"[{""from"":""Sumit bhai "",""amount"":""10000"",""type"":""googlepay""}]",11-06-2024,-1760.00,10000.00,6400.00,1840.00
830,AslamKhan,,10-06-2024,-1560.00,0.00,200.00,-1760.00
831,AslamKhan,,09-06-2024,-1360.00,0.00,200.00,-1560.00
832,AslamKhan,"[{""from"":""Sumit bhai "",""amount"":""15000"",""type"":""googlepay""}]",08-06-2024,-1760.00,15000.00,14600.00,-1360.00
833,AslamKhan,"[{""from"":""Sumit bhai "",""amount"":""2900"",""type"":""googlepay""}]",07-06-2024,-1760.00,2900.00,2900.00,-1760.00
834,AslamKhan,,06-06-2024,-1660.00,0.00,100.00,-1760.00
835,AslamKhan,"[{""from"":""Sumit bhai "",""amount"":""8500"",""type"":""googlepay""}]",05-06-2024,-1810.00,8500.00,8350.00,-1660.00
836,AslamKhan,,04-06-2024,-1710.00,0.00,100.00,-1810.00
837,AslamKhan,,03-06-2024,-1610.00,0.00,100.00,-1710.00
838,AslamKhan,,02-06-2024,2990.00,0.00,4600.00,-1610.00
839,AslamKhan,,01-06-2024,14800.00,0.00,11810.00,2990.00
840,AslamKhan,,31-05-2024,67368.00,0.00,52568.00,14800.00
841,AslamKhan,"[{""from"":""Sumit bhai "",""amount"":""70000"",""type"":""cash""}]",30-05-2024,-1032.00,70000.00,1600.00,67368.00
842,AslamKhan,,29-05-2024,-1032.00,0.00,0.00,-1032.00
843,AslamKhan,"[{""from"":""Sriya becha kabadi se aaye"",""amount"":""4750"",""type"":""cash""}]",28-05-2024,-3482.00,4750.00,2300.00,-1032.00
844,AslamKhan,,27-05-2024,-1232.00,0.00,2250.00,-3482.00
845,AslamKhan,,26-05-2024,2868.00,0.00,4100.00,-1232.00
846,AslamKhan,,25-05-2024,5453.00,0.00,2585.00,2868.00
847,AslamKhan,"[{""from"":""Manvendra bhai "",""amount"":""2000"",""type"":""paytm""},{""from"":""Sumit bhai "",""amount"":""10000"",""type"":""googlepay""}]",24-05-2024,1227.00,12000.00,7774.00,5453.00
848,AslamKhan,,23-05-2024,1337.00,0.00,110.00,1227.00
849,AslamKhan,"[{""from"":""Sumit bhai "",""amount"":""6000"",""type"":""googlepay""}]",22-05-2024,1387.00,6000.00,6050.00,1337.00
850,AslamKhan,,21-05-2024,2037.00,0.00,650.00,1387.00
851,AslamKhan,"[{""from"":""Sumit bhai "",""amount"":""6000"",""type"":""googlepay""}]",20-05-2024,1487.00,6000.00,5450.00,2037.00
852,AslamKhan,,19-05-2024,1487.00,0.00,0.00,1487.00
853,AslamKhan,"[{""from"":""Sumit bhai "",""amount"":""6500"",""type"":""googlepay""},{""from"":""Sumit bhai "",""amount"":""15000"",""type"":""googlepay""}]",18-05-2024,-5138.00,21500.00,14875.00,1487.00
854,AslamKhan,,17-05-2024,1082.00,0.00,6220.00,-5138.00
855,AslamKhan,,16-05-2024,1232.00,0.00,150.00,1082.00
856,AslamKhan,,15-05-2024,2032.00,0.00,800.00,1232.00
857,AslamKhan,"[{""from"":""Manu Bhai"",""amount"":""6000"",""type"":""paytm""}]",14-05-2024,832.00,6000.00,4800.00,2032.00
858,AslamKhan,,13-05-2024,1082.00,0.00,250.00,832.00
859,AslamKhan,,12-05-2024,2662.00,0.00,1580.00,1082.00
860,AslamKhan,,11-05-2024,2662.00,0.00,0.00,2662.00
861,AslamKhan,,10-05-2024,14702.00,0.00,12040.00,2662.00
862,AslamKhan,"[{""from"":""Sumit Bhaiya"",""amount"":""20000"",""type"":""cash""}]",09-05-2024,72.00,20000.00,5370.00,14702.00
863,AslamKhan,,08-05-2024,397.00,0.00,325.00,72.00
864,AslamKhan,"[{""from"":""Sumit bhai "",""amount"":""2500"",""type"":""googlepay""}]",07-05-2024,367.00,2500.00,2470.00,397.00
865,AslamKhan,"[{""from"":""Sumit bhai "",""amount"":""2400"",""type"":""cash""}]",06-05-2024,417.00,2400.00,2450.00,367.00
866,AslamKhan,"[{""from"":""Sumit bhai "",""amount"":""8000"",""type"":""googlepay""}]",05-05-2024,497.00,8000.00,8080.00,417.00
867,AslamKhan,"[{""from"":""Sumit bhai "",""amount"":""12000"",""type"":""googlepay""}]",04-05-2024,-353.00,12000.00,11150.00,497.00
868,AslamKhan,,03-05-2024,-353.00,0.00,0.00,-353.00
869,AslamKhan,"[{""from"":""Sumit bhai "",""amount"":""6500"",""type"":""googlepay""}]",02-05-2024,-273.00,6500.00,6580.00,-353.00
870,AslamKhan,"[{""from"":""Sumit bhai "",""amount"":""7000"",""type"":""googlepay""}]",01-05-2024,-493.00,7000.00,6780.00,-273.00
871,AslamKhan,"[{""from"":""Mayank sir "",""amount"":""9000"",""type"":""googlepay""}]",30-04-2024,-693.00,9000.00,8800.00,-493.00
872,AslamKhan,,29-04-2024,-403.00,0.00,290.00,-693.00
873,AslamKhan,"[{""from"":""Sumit bhai "",""amount"":""5600"",""type"":""googlepay""}]",28-04-2024,-283.00,5600.00,5720.00,-403.00
874,AslamKhan,"[{""from"":""Sumit bhai "",""amount"":""8150"",""type"":""googlepay""}]",27-04-2024,937.00,8150.00,9370.00,-283.00
875,AslamKhan,,26-04-2024,937.00,0.00,0.00,937.00
876,AslamKhan,,25-04-2024,3357.00,0.00,2420.00,937.00
877,AslamKhan,,24-04-2024,23637.00,0.00,20280.00,3357.00
878,AslamKhan,"[{""from"":""Sumit bhai "",""amount"":""23000"",""type"":""cash""},{""from"":""Manvendra bhai "",""amount"":""3500"",""type"":""paytm""}]",23-04-2024,297.00,26500.00,3160.00,23637.00
879,AslamKhan,,22-04-2024,3657.00,0.00,3360.00,297.00
880,AslamKhan,"[{""from"":""Murlidhar wave home jo hmne jannetr wale ke diye."",""amount"":""4500"",""type"":""cash""}]",21-04-2024,1537.00,4500.00,2380.00,3657.00
881,AslamKhan,,20-04-2024,3457.00,0.00,1920.00,1537.00
882,AslamKhan,"[{""from"":""Sumit bhai "",""amount"":""6000"",""type"":""googlepay""}]",19-04-2024,-923.00,6000.00,1620.00,3457.00
883,AslamKhan,,18-04-2024,2047.00,0.00,2970.00,-923.00
884,AslamKhan,"[{""from"":""Sumit bhai "",""amount"":""7000"",""type"":""googlepay""}]",17-04-2024,-3333.00,7000.00,1620.00,2047.00
885,AslamKhan,,16-04-2024,-193.00,0.00,3140.00,-3333.00
886,AslamKhan,"[{""from"":""Sumit bhai "",""amount"":""10000"",""type"":""googlepay""}]",15-04-2024,-593.00,10000.00,9600.00,-193.00
887,AslamKhan,,14-04-2024,-113.00,0.00,480.00,-593.00
888,AslamKhan,,13-04-2024,-113.00,0.00,0.00,-113.00
889,AslamKhan,,12-04-2024,-113.00,0.00,0.00,-113.00
890,AslamKhan,,11-04-2024,-113.00,0.00,0.00,-113.00
891,AslamKhan,,10-04-2024,-113.00,0.00,0.00,-113.00
892,AslamKhan,,09-04-2024,287.00,0.00,400.00,-113.00
893,AslamKhan,,08-04-2024,8907.00,0.00,8620.00,287.00
894,AslamKhan,,07-04-2024,28157.00,0.00,19250.00,8907.00
895,AslamKhan,"[{""from"":""Murlidhar ( wave home wale malik)"",""amount"":""50000"",""type"":""cash""}]",06-04-2024,1272.00,50000.00,23115.00,28157.00
896,AslamKhan,,05-04-2024,1472.00,0.00,200.00,1272.00
897,AslamKhan,,04-04-2024,13242.00,0.00,11770.00,1472.00
898,AslamKhan,"[{""from"":""Sumit bhai "",""amount"":""17000"",""type"":""cash""}]",03-04-2024,1242.00,17000.00,5000.00,13242.00
899,AslamKhan,"[{""from"":""Manvendra bhai "",""amount"":""2000"",""type"":""paytm""}]",02-04-2024,1242.00,2000.00,2000.00,1242.00
900,AslamKhan,,01-04-2024,1242.00,0.00,0.00,1242.00
901,AslamKhan,"[{""from"":""Manu bhai "",""amount"":""1000"",""type"":""paytm""}]",31-03-2024,1362.00,1000.00,1120.00,1242.00
902,AslamKhan,"[{""from"":""Sumit bhai "",""amount"":""3000"",""type"":""googlepay""}]",30-03-2024,1282.00,3000.00,2920.00,1362.00
903,AslamKhan,,29-03-2024,1442.00,0.00,160.00,1282.00
904,AslamKhan,,28-03-2024,1522.00,0.00,80.00,1442.00
905,AslamKhan,"[{""from"":""Sumit bhai "",""amount"":""1000"",""type"":""googlepay""},{""from"":""Pdosi 1 bag cement liya"",""amount"":""410"",""type"":""cash""}]",27-03-2024,1032.00,1410.00,920.00,1522.00
906,AslamKhan,,26-03-2024,1032.00,0.00,0.00,1032.00
907,AslamKhan,,25-03-2024,1032.00,0.00,0.00,1032.00
908,AslamKhan,"[{""from"":""Sumit bhai "",""amount"":""1000"",""type"":""cash""}]",24-03-2024,1032.00,1000.00,1000.00,1032.00
909,AslamKhan,"[{""from"":""Sumit bhai "",""amount"":""10000"",""type"":""googlepay""}]",23-03-2024,1582.00,10000.00,10550.00,1032.00
910,AslamKhan,,22-03-2024,1762.00,0.00,180.00,1582.00
911,AslamKhan,"[{""from"":""Sumit bhai "",""amount"":""5000"",""type"":""googlepay""}]",21-03-2024,-3158.00,5000.00,80.00,1762.00
912,AslamKhan,,20-03-2024,-3118.00,0.00,40.00,-3158.00
913,AslamKhan,"[{""from"":""Sumit bhai "",""amount"":""10000"",""type"":""googlepay""}]",19-03-2024,-3118.00,10000.00,10000.00,-3118.00
914,AslamKhan,,18-03-2024,-2958.00,0.00,160.00,-3118.00
915,AslamKhan,,17-03-2024,-2878.00,0.00,80.00,-2958.00
916,AslamKhan,,16-03-2024,-2798.00,0.00,80.00,-2878.00
917,AslamKhan,,15-03-2024,-2718.00,0.00,80.00,-2798.00
918,AslamKhan,"[{""from"":""Sumit bhai "",""amount"":""13000"",""type"":""googlepay""}]",14-03-2024,-2558.00,13000.00,13160.00,-2718.00
919,AslamKhan,,13-03-2024,-538.00,0.00,2020.00,-2558.00
920,AslamKhan,,12-03-2024,-278.00,0.00,260.00,-538.00
921,AslamKhan,,11-03-2024,1052.00,0.00,1330.00,-278.00
922,AslamKhan,,10-03-2024,3132.00,0.00,2080.00,1052.00
923,AslamKhan,,09-03-2024,10152.00,0.00,7020.00,3132.00
924,AslamKhan,"[{""from"":""Mayank sir "",""amount"":""20000"",""type"":""googlepay""}]",08-03-2024,9192.00,20000.00,19040.00,10152.00
925,AslamKhan,"[{""from"":""Mayank sir "",""amount"":""20000"",""type"":""cash""}]",07-03-2024,-728.00,20000.00,10080.00,9192.00
926,AslamKhan,,06-03-2024,-648.00,0.00,80.00,-728.00
927,AslamKhan,"[{""from"":""Sumit bhai "",""amount"":""3500"",""type"":""googlepay""}]",05-03-2024,-388.00,3500.00,3760.00,-648.00
928,AslamKhan,,04-03-2024,-228.00,0.00,160.00,-388.00
929,AslamKhan,,03-03-2024,-228.00,0.00,0.00,-228.00
930,AslamKhan,,02-03-2024,21002.00,0.00,21230.00,-228.00
931,AslamKhan,"[{""from"":""Mayank sir "",""amount"":""25000"",""type"":""googlepay""}]",01-03-2024,-2158.00,25000.00,1840.00,21002.00
932,AslamKhan,"[{""from"":""Sumit bhai "",""amount"":""4000"",""type"":""googlepay""}]",29-02-2024,-2298.00,4000.00,3860.00,-2158.00
933,AslamKhan,,28-02-2024,1472.00,0.00,3770.00,-2298.00
934,AslamKhan,"[{""from"":""Sumit bhai "",""amount"":""15000"",""type"":""cash""}]",27-02-2024,-2328.00,15000.00,11200.00,1472.00
935,AslamKhan,,26-02-2024,-2328.00,0.00,0.00,-2328.00
936,AslamKhan,,25-02-2024,-2168.00,0.00,160.00,-2328.00
937,AslamKhan,,24-02-2024,-1668.00,0.00,500.00,-2168.00
938,AslamKhan,,23-02-2024,-888.00,0.00,780.00,-1668.00
939,AslamKhan,,22-02-2024,-728.00,0.00,160.00,-888.00
940,AslamKhan,,21-02-2024,-568.00,0.00,160.00,-728.00
941,AslamKhan,"[{""from"":""Sumit bhai "",""amount"":""5000"",""type"":""googlepay""}]",20-02-2024,-1123.00,5000.00,4445.00,-568.00
942,AslamKhan,,19-02-2024,-1043.00,0.00,80.00,-1123.00
943,AslamKhan,,18-02-2024,-963.00,0.00,80.00,-1043.00
944,AslamKhan,,17-02-2024,9697.00,0.00,10660.00,-963.00
945,AslamKhan,,16-02-2024,10857.00,0.00,1160.00,9697.00
946,AslamKhan,"[{""from"":""Sumit bhai "",""amount"":""50000"",""type"":""cash""}]",15-02-2024,-923.00,50000.00,38220.00,10857.00
947,AslamKhan,"[{""from"":""Waterproof wale se aaye.1.5 bag cement ke."",""amount"":""650"",""type"":""cash""}]",14-02-2024,-993.00,650.00,580.00,-923.00
948,AslamKhan,,13-02-2024,-993.00,0.00,0.00,-993.00
949,AslamKhan,"[{""from"":""Sumit Bhai"",""amount"":""5000"",""type"":""cash""}]",12-02-2024,-1653.00,5000.00,4340.00,-993.00
950,AslamKhan,,11-02-2024,-1033.00,0.00,620.00,-1653.00
951,AslamKhan,,10-02-2024,-353.00,0.00,680.00,-1033.00
952,AslamKhan,"[{""from"":""Sumit bhai "",""amount"":""25000"",""type"":""googlepay""}]",09-02-2024,-573.00,25000.00,24780.00,-353.00
953,AslamKhan,,08-02-2024,-493.00,0.00,80.00,-573.00
954,AslamKhan,,07-02-2024,1277.00,0.00,1770.00,-493.00
955,AslamKhan,,06-02-2024,2397.00,0.00,1120.00,1277.00
956,AslamKhan,,05-02-2024,11917.00,0.00,9520.00,2397.00
957,AslamKhan,"[{""from"":""Vipin bhai "",""amount"":""15000"",""type"":""cash""}]",04-02-2024,-803.00,15000.00,2280.00,11917.00
958,AslamKhan,,03-02-2024,197.00,0.00,1000.00,-803.00
959,AslamKhan,,02-02-2024,197.00,0.00,0.00,197.00
960,AslamKhan,,01-02-2024,197.00,0.00,0.00,197.00
961,AslamKhan,,31-01-2024,297.00,0.00,100.00,197.00
962,AslamKhan,,30-01-2024,417.00,0.00,120.00,297.00
963,AslamKhan,"[{""from"":""Akshay"",""amount"":""50000"",""type"":""cash""}]",29-01-2024,-233.00,50000.00,49350.00,417.00
964,AslamKhan,,28-01-2024,-153.00,0.00,80.00,-233.00
965,AslamKhan,,27-01-2024,-73.00,0.00,80.00,-153.00
966,AslamKhan,"[{""from"":""Sumit bhai "",""amount"":""4100"",""type"":""googlepay""}]",26-01-2024,7.00,4100.00,4180.00,-73.00
967,AslamKhan,,25-01-2024,4287.00,0.00,4280.00,7.00
968,AslamKhan,"[{""from"":""Manvendra bhai."",""amount"":""4790"",""type"":""paytm""}]",24-01-2024,4367.00,4790.00,4870.00,4287.00
969,AslamKhan,,23-01-2024,27797.00,0.00,23430.00,4367.00
970,AslamKhan,"[{""from"":""Sumit bhai "",""amount"":""36000"",""type"":""cash""}]",22-01-2024,-603.00,36000.00,7600.00,27797.00
971,AslamKhan,,21-01-2024,-183.00,0.00,420.00,-603.00
972,AslamKhan,,20-01-2024,-3.00,0.00,180.00,-183.00
973,AslamKhan,,19-01-2024,77.00,0.00,80.00,-3.00
974,AslamKhan,"[{""from"":""Sumit bhai "",""amount"":""10000"",""type"":""cash""}]",18-01-2024,197.00,10000.00,10120.00,77.00
975,AslamKhan,,17-01-2024,277.00,0.00,80.00,197.00
976,AslamKhan,,16-01-2024,2457.00,0.00,2180.00,277.00
977,AslamKhan,,15-01-2024,5354.00,0.00,2897.00,2457.00
978,AslamKhan,,14-01-2024,11434.00,0.00,6080.00,5354.00
979,AslamKhan,"[{""from"":""Sumit bhai "",""amount"":""15000"",""type"":""cash""}]",13-01-2024,-806.00,15000.00,2760.00,11434.00
980,AslamKhan,,12-01-2024,124.00,0.00,930.00,-806.00
981,AslamKhan,,11-01-2024,12804.00,0.00,12680.00,124.00
982,AslamKhan,,10-01-2024,13884.00,0.00,1080.00,12804.00
983,AslamKhan,"[{""from"":""Sumit bhai "",""amount"":""30000"",""type"":""cash""}]",09-01-2024,-821.00,30000.00,15295.00,13884.00
984,AslamKhan,,08-01-2024,-661.00,0.00,160.00,-821.00
985,AslamKhan,,07-01-2024,-341.00,0.00,320.00,-661.00
986,AslamKhan,"[{""from"":""Manmendr bhai "",""amount"":""11000"",""type"":""cash""}]",06-01-2024,259.00,11000.00,11600.00,-341.00
987,AslamKhan,,05-01-2024,2759.00,0.00,2500.00,259.00
988,AslamKhan,"[{""from"":""Manmendr bhai "",""amount"":""6800"",""type"":""cash""}]",04-01-2024,8699.00,6800.00,12740.00,2759.00
989,AslamKhan,,03-01-2024,14469.00,0.00,5770.00,8699.00
990,AslamKhan,,02-01-2024,25469.00,0.00,11000.00,14469.00
991,AslamKhan,,01-01-2024,25469.00,0.00,0.00,25469.00
992,AslamKhan,"[{""from"":""Sumit bhai "",""amount"":""35000"",""type"":""cash""}]",31-12-2023,-651.00,35000.00,8880.00,25469.00
993,AslamKhan,,30-12-2023,4089.00,0.00,4740.00,-651.00
994,AslamKhan,,29-12-2023,5649.00,0.00,1560.00,4089.00
995,AslamKhan,,28-12-2023,16959.00,0.00,11310.00,5649.00
996,AslamKhan,,27-12-2023,17039.00,0.00,80.00,16959.00
997,AslamKhan,"[{""from"":""Sumit bhai "",""amount"":""25000"",""type"":""cash""}]",26-12-2023,-331.00,25000.00,7630.00,17039.00
998,AslamKhan,,25-12-2023,-171.00,0.00,160.00,-331.00
999,AslamKhan,,24-12-2023,69.00,0.00,240.00,-171.00
1000,AslamKhan,,23-12-2023,6429.00,0.00,6360.00,69.00
1001,AslamKhan,,22-12-2023,9084.00,0.00,2655.00,6429.00
1002,AslamKhan,,21-12-2023,12464.00,0.00,3380.00,9084.00
1003,AslamKhan,,20-12-2023,50309.00,0.00,37845.00,12464.00
1004,AslamKhan,"[{""from"":""Sumit Sir"",""amount"":""50000"",""type"":""cash""}]",19-12-2023,469.00,50000.00,160.00,50309.00
1005,AslamKhan,,18-12-2023,549.00,0.00,80.00,469.00
1006,AslamKhan,"[{""from"":""Manu Bhai"",""amount"":""4000"",""type"":""paytm""}]",17-12-2023,2099.00,4000.00,5550.00,549.00
1007,AslamKhan,"[{""from"":""Manu Bhai"",""amount"":""5350"",""type"":""paytm""}]",16-12-2023,3259.00,5350.00,6510.00,2099.00
1008,AslamKhan,,15-12-2023,12779.00,0.00,9520.00,3259.00
1009,AslamKhan,"[{""from"":""Sumit bhai "",""amount"":""9000"",""type"":""cash""},{""from"":""Irfan IFS "",""amount"":""100000"",""type"":""cash""}]",14-12-2023,299.00,109000.00,96520.00,12779.00
1010,AslamKhan,,13-12-2023,5079.00,0.00,4780.00,299.00
1011,AslamKhan,"[{""from"":""Sumit bhai "",""amount"":""10000"",""type"":""cash""}]",12-12-2023,-461.00,10000.00,4460.00,5079.00
1012,AslamKhan,"[{""from"":""Manmendr bhai"",""amount"":""4300"",""type"":""paytm""}]",11-12-2023,-381.00,4300.00,4380.00,-461.00
1013,AslamKhan,,10-12-2023,1719.00,0.00,2100.00,-381.00
1014,AslamKhan,,09-12-2023,2399.00,0.00,680.00,1719.00
1015,AslamKhan,"[{""from"":""Sumit bhai "",""amount"":""30000"",""type"":""cash""}]",08-12-2023,2233.00,30000.00,29834.00,2399.00
1016,AslamKhan,,07-12-2023,2923.00,0.00,690.00,2233.00
1017,AslamKhan,,06-12-2023,4003.00,0.00,1080.00,2923.00
1018,AslamKhan,,05-12-2023,5523.00,0.00,1520.00,4003.00
1019,AslamKhan,,04-12-2023,5903.00,0.00,380.00,5523.00
1020,AslamKhan,"[{""from"":""Sumit bhai "",""amount"":""20000"",""type"":""cash""}]",03-12-2023,-457.00,20000.00,13640.00,5903.00
1021,AslamKhan,,02-12-2023,-377.00,0.00,80.00,-457.00
1022,AslamKhan,,01-12-2023,3123.00,0.00,3500.00,-377.00
1023,AslamKhan,,30-11-2023,3203.00,0.00,80.00,3123.00
1024,AslamKhan,"[{""from"":""Sumit bhai "",""amount"":""10000"",""type"":""cash""}]",29-11-2023,-717.00,10000.00,6080.00,3203.00
1025,AslamKhan,,28-11-2023,11893.00,0.00,12610.00,-717.00
1026,AslamKhan,,27-11-2023,12563.00,0.00,670.00,11893.00
1027,AslamKhan,,26-11-2023,13913.00,0.00,1350.00,12563.00
1028,AslamKhan,,25-11-2023,14033.00,0.00,120.00,13913.00
1029,AslamKhan,,24-11-2023,14893.00,0.00,860.00,14033.00
1030,AslamKhan,,23-11-2023,14893.00,0.00,0.00,14893.00
1031,AslamKhan,,22-11-2023,15393.00,0.00,500.00,14893.00
1032,AslamKhan,"[{""from"":""Sumit bhai "",""amount"":""30000"",""type"":""cash""}]",21-11-2023,1093.00,30000.00,15700.00,15393.00
1033,AslamKhan,,20-11-2023,1093.00,0.00,0.00,1093.00
1034,AslamKhan,,19-11-2023,1093.00,0.00,0.00,1093.00
1035,AslamKhan,,18-11-2023,1093.00,0.00,0.00,1093.00
1036,AslamKhan,,17-11-2023,1093.00,0.00,0.00,1093.00
1037,AslamKhan,,16-11-2023,1993.00,0.00,900.00,1093.00
1038,AslamKhan,"[{""from"":""Sumit Bhai "",""amount"":""4000"",""type"":""cash""}]",15-11-2023,993.00,4000.00,3000.00,1993.00
1039,AslamKhan,,14-11-2023,993.00,0.00,0.00,993.00
1040,AslamKhan,,13-11-2023,993.00,0.00,0.00,993.00
1041,AslamKhan,,12-11-2023,993.00,0.00,0.00,993.00
1042,AslamKhan,,11-11-2023,993.00,0.00,0.00,993.00
1043,AslamKhan,"[{""from"":""Sumit bhai "",""amount"":""22000"",""type"":""cash""}]",10-11-2023,3283.00,22000.00,24290.00,993.00
1044,AslamKhan,,09-11-2023,3283.00,0.00,0.00,3283.00
1045,AslamKhan,,08-11-2023,3283.00,0.00,0.00,3283.00
1046,AslamKhan,"[{""from"":""Sumit bhai."",""amount"":""25000"",""type"":""cash""}]",07-11-2023,2162.00,25000.00,23879.00,3283.00
1047,AslamKhan,,06-11-2023,2162.00,0.00,0.00,2162.00
1048,AslamKhan,,05-11-2023,2162.00,0.00,0.00,2162.00
1049,AslamKhan,,04-11-2023,3442.00,0.00,1280.00,2162.00
1050,AslamKhan,,03-11-2023,3442.00,0.00,0.00,3442.00
1051,AslamKhan,,02-11-2023,3442.00,0.00,0.00,3442.00
1052,AslamKhan,,01-11-2023,3442.00,0.00,0.00,3442.00
1053,AslamKhan,,31-10-2023,3442.00,0.00,0.00,3442.00
1054,AslamKhan,,30-10-2023,14542.00,0.00,11100.00,3442.00
1055,AslamKhan,"[{""from"":""Sumit bhai "",""amount"":""60000"",""type"":""cash""}]",29-10-2023,-36.00,60000.00,45422.00,14542.00
1056,AslamKhan,,28-10-2023,-36.00,0.00,0.00,-36.00
1057,AslamKhan,,27-10-2023,1314.00,0.00,1350.00,-36.00
1058,AslamKhan,,26-10-2023,1464.00,0.00,150.00,1314.00
1059,AslamKhan,,25-10-2023,4864.00,0.00,3400.00,1464.00
1060,AslamKhan,,24-10-2023,7064.00,0.00,2200.00,4864.00
1061,AslamKhan,,23-10-2023,7064.00,0.00,0.00,7064.00
1062,AslamKhan,,22-10-2023,7064.00,0.00,0.00,7064.00
1063,AslamKhan,,21-10-2023,7064.00,0.00,0.00,7064.00
1064,AslamKhan,"[{""from"":""Sumit bhai "",""amount"":""20000"",""type"":""cash""}]",20-10-2023,5814.00,20000.00,18750.00,7064.00
1065,AslamKhan,,19-10-2023,8729.00,0.00,2915.00,5814.00
1066,AslamKhan,,18-10-2023,8729.00,0.00,0.00,8729.00
1067,AslamKhan,,17-10-2023,8729.00,0.00,0.00,8729.00
1068,AslamKhan,"[{""from"":""Sumit bhai "",""amount"":""60000"",""type"":""cash""}]",16-10-2023,-71.00,60000.00,51200.00,8729.00
1069,AslamKhan,,15-10-2023,529.00,0.00,600.00,-71.00
1070,AslamKhan,"[{""from"":""Sumit bhai "",""amount"":""50000"",""type"":""cash""}]",14-10-2023,1129.00,50000.00,50600.00,529.00
1071,AslamKhan,,13-10-2023,1129.00,0.00,0.00,1129.00
1072,AslamKhan,,12-10-2023,4429.00,0.00,3300.00,1129.00
1073,AslamKhan,,11-10-2023,183949.00,0.00,179520.00,4429.00
1074,AslamKhan,"[{""from"":""Vandana Mam"",""amount"":""200000"",""type"":""cash""}]",10-10-2023,4149.00,200000.00,20200.00,183949.00
1075,AslamKhan,,09-10-2023,4149.00,0.00,0.00,4149.00
1076,AslamKhan,,08-10-2023,10794.00,0.00,6645.00,4149.00
1077,AslamKhan,,07-10-2023,12834.00,0.00,2040.00,10794.00
1078,AslamKhan,,06-10-2023,13384.00,0.00,550.00,12834.00
1079,AslamKhan,"[{""from"":""Sumit Bhai "",""amount"":""35000"",""type"":""cash""}]",05-10-2023,13454.00,35000.00,35070.00,13384.00
1080,AslamKhan,,04-10-2023,13454.00,0.00,0.00,13454.00
1081,AslamKhan,"[{""from"":""Sumit bhai "",""amount"":""125000"",""type"":""cash""}]",03-10-2023,664.00,125000.00,112210.00,13454.00
1082,AslamKhan,,02-10-2023,664.00,0.00,0.00,664.00
1083,AslamKhan,,01-10-2023,664.00,0.00,0.00,664.00
1084,AslamKhan,,30-09-2023,664.00,0.00,0.00,664.00
1085,AslamKhan,,29-09-2023,664.00,0.00,0.00,664.00
1086,AslamKhan,"[{""from"":""Sumit bhai "",""amount"":""28400"",""type"":""cash""}]",28-09-2023,664.00,28400.00,28400.00,664.00
1087,AslamKhan,,27-09-2023,1184.00,0.00,520.00,664.00
1088,AslamKhan,,26-09-2023,1184.00,0.00,0.00,1184.00
1089,AslamKhan,"[{""from"":""Bijli ka saman waps kiya."",""amount"":""330"",""type"":""cash""}]",25-09-2023,2629.00,330.00,1775.00,1184.00
1090,AslamKhan,,24-09-2023,2629.00,0.00,0.00,2629.00
1091,AslamKhan,,23-09-2023,2629.00,0.00,0.00,2629.00
1092,AslamKhan,,22-09-2023,2629.00,0.00,0.00,2629.00
1093,AslamKhan,,21-09-2023,33829.00,0.00,31200.00,2629.00
1094,AslamKhan,"[{""from"":""Akshay ke gr se "",""amount"":""30000"",""type"":""cash""}]",20-09-2023,3829.00,30000.00,0.00,33829.00
1095,AslamKhan,,19-09-2023,4829.00,0.00,1000.00,3829.00
1096,AslamKhan,,18-09-2023,4829.00,0.00,0.00,4829.00
1097,AslamKhan,,17-09-2023,6779.00,0.00,1950.00,4829.00
1098,AslamKhan,"[{""from"":""Sumit bhai "",""amount"":""10000"",""type"":""googlepay""}]",16-09-2023,9979.00,10000.00,13200.00,6779.00
1099,AslamKhan,,15-09-2023,12477.00,0.00,2498.00,9979.00
1100,AslamKhan,"[{""from"":""Sumit bhai "",""amount"":""86000"",""type"":""cash""}]",14-09-2023,7477.00,86000.00,81000.00,12477.00
1101,AslamKhan,,13-09-2023,7477.00,0.00,0.00,7477.00
1102,AslamKhan,,12-09-2023,8027.00,0.00,550.00,7477.00
1103,AslamKhan,"[{""from"":""Akshay "",""amount"":""155000"",""type"":""cash""}]",11-09-2023,3027.00,155000.00,150000.00,8027.00
1104,AslamKhan,,10-09-2023,8587.00,0.00,5560.00,3027.00
1105,AslamKhan,,09-09-2023,11587.00,0.00,3000.00,8587.00
1106,AslamKhan,,08-09-2023,14087.00,0.00,2500.00,11587.00
1107,AslamKhan,,07-09-2023,14087.00,0.00,0.00,14087.00
1108,AslamKhan,,06-09-2023,14087.00,0.00,0.00,14087.00
1109,AslamKhan,"[{""from"":""Akshay "",""amount"":""99000"",""type"":""cash""}]",05-09-2023,17337.00,99000.00,102250.00,14087.00
1110,AslamKhan,,04-09-2023,17337.00,0.00,0.00,17337.00
1111,AslamKhan,,03-09-2023,22867.00,0.00,5530.00,17337.00
1112,AslamKhan,,02-09-2023,22867.00,0.00,0.00,22867.00
1113,AslamKhan,"[{""from"":""Sumit bhai "",""amount"":""19800"",""type"":""cash""}]",01-09-2023,4067.00,19800.00,1000.00,22867.00
1114,AslamKhan,,31-08-2023,4067.00,0.00,0.00,4067.00
1115,AslamKhan,,30-08-2023,4067.00,0.00,0.00,4067.00
1116,AslamKhan,"[{""from"":""Gaurav bhai "",""amount"":""135000"",""type"":""cash""}]",29-08-2023,2687.00,135000.00,133620.00,4067.00
1117,AslamKhan,,28-08-2023,5297.00,0.00,2610.00,2687.00
1118,AslamKhan,,27-08-2023,5297.00,0.00,0.00,5297.00
1119,AslamKhan,,26-08-2023,5297.00,0.00,0.00,5297.00
1120,AslamKhan,,25-08-2023,5297.00,0.00,0.00,5297.00
1121,AslamKhan,,24-08-2023,10797.00,0.00,5500.00,5297.00
1122,AslamKhan,"[{""from"":""Vandhna mem "",""amount"":""200000"",""type"":""cash""}]",23-08-2023,837.00,200000.00,190040.00,10797.00
1123,AslamKhan,,22-08-2023,837.00,0.00,0.00,837.00
1124,AslamKhan,,21-08-2023,837.00,0.00,0.00,837.00
1125,AslamKhan,"[{""from"":""Sumit bhai "",""amount"":""3000"",""type"":""googlepay""}]",20-08-2023,837.00,3000.00,3000.00,837.00
1126,AslamKhan,,19-08-2023,837.00,0.00,0.00,837.00
1127,AslamKhan,,18-08-2023,837.00,0.00,0.00,837.00
1128,AslamKhan,,17-08-2023,1067.00,0.00,230.00,837.00
1129,AslamKhan,"[{""from"":""Akshay "",""amount"":""100000"",""type"":""cash""}]",16-08-2023,1067.00,100000.00,100000.00,1067.00
1130,AslamKhan,,15-08-2023,1067.00,0.00,0.00,1067.00
1131,AslamKhan,,14-08-2023,10792.00,0.00,9725.00,1067.00
1132,AslamKhan,,13-08-2023,10792.00,0.00,0.00,10792.00
1133,AslamKhan,,12-08-2023,10792.00,0.00,0.00,10792.00
1134,AslamKhan,,11-08-2023,10792.00,0.00,0.00,10792.00
1135,AslamKhan,,10-08-2023,11012.00,0.00,220.00,10792.00
1136,AslamKhan,"[{""from"":""Akshay "",""amount"":""35000"",""type"":""cash""}]",09-08-2023,2962.00,35000.00,26950.00,11012.00
1137,AslamKhan,,08-08-2023,12092.00,0.00,9130.00,2962.00
1138,AslamKhan,"[{""from"":""Sumit bhai"",""amount"":""205000"",""type"":""cash""}]",07-08-2023,2509.00,205000.00,195417.00,12092.00
1139,AslamKhan,,06-08-2023,3579.00,0.00,1070.00,2509.00
1140,AslamKhan,,05-08-2023,4659.00,0.00,1080.00,3579.00
1141,AslamKhan,,04-08-2023,4659.00,0.00,0.00,4659.00
1142,AslamKhan,,03-08-2023,4659.00,0.00,0.00,4659.00
1143,AslamKhan,,02-08-2023,5939.00,0.00,1280.00,4659.00
1144,AslamKhan,"[{""from"":""Sumit bhai "",""amount"":""124500"",""type"":""cash""}]",01-08-2023,1879.00,124500.00,120440.00,5939.00
1145,AslamKhan,"[{""from"":""Sumit bhai "",""amount"":""13650"",""type"":""googlepay""}]",31-07-2023,3079.00,13650.00,14850.00,1879.00
1146,AslamKhan,,30-07-2023,3326.00,0.00,247.00,3079.00
1147,AslamKhan,,29-07-2023,3326.00,0.00,0.00,3326.00
1148,AslamKhan,"[{""from"":""Sumit bhai "",""amount"":""8400"",""type"":""googlepay""}]",28-07-2023,3326.00,8400.00,8400.00,3326.00
1149,AslamKhan,,27-07-2023,3326.00,0.00,0.00,3326.00
1150,AslamKhan,,26-07-2023,4416.00,0.00,1090.00,3326.00
1151,AslamKhan,,25-07-2023,4416.00,0.00,0.00,4416.00
1152,AslamKhan,"[{""from"":""Vishal bhai "",""amount"":""145000"",""type"":""cash""}]",24-07-2023,3416.00,145000.00,144000.00,4416.00
1153,AslamKhan,,23-07-2023,4956.00,0.00,1540.00,3416.00
1154,AslamKhan,,22-07-2023,6656.00,0.00,1700.00,4956.00
1155,AslamKhan,,21-07-2023,10206.00,0.00,3550.00,6656.00
1156,AslamKhan,"[{""from"":""Sumit bhai "",""amount"":""30000"",""type"":""cash""}]",20-07-2023,206.00,30000.00,20000.00,10206.00
1157,AslamKhan,"[{""from"":""Sumit bhai "",""amount"":""65200"",""type"":""online transfter""}]",19-07-2023,206.00,65200.00,65200.00,206.00
1158,AslamKhan,,18-07-2023,206.00,0.00,0.00,206.00
1159,AslamKhan,,17-07-2023,206.00,0.00,0.00,206.00
1160,AslamKhan,,16-07-2023,2206.00,0.00,2000.00,206.00
1161,AslamKhan,"[{""from"":""Sumit bhai "",""amount"":""15000"",""type"":""cash""},{""from"":""Sumit bhai "",""amount"":""15000"",""type"":""googlepay""}]",15-07-2023,976.00,30000.00,28770.00,2206.00
1162,AslamKhan,"[{""from"":""Sumit bhai "",""amount"":""11060"",""type"":""googlepay""},{""from"":""Sumit bhai "",""amount"":""3500"",""type"":""cash""}]",14-07-2023,-384.00,14560.00,13200.00,976.00
1163,AslamKhan,,13-07-2023,-184.00,0.00,200.00,-384.00
1164,AslamKhan,"[{""from"":""Sumit bhai "",""amount"":""18000"",""type"":""cash""}]",12-07-2023,1240.00,18000.00,19424.00,-184.00
1165,AslamKhan,,11-07-2023,1300.00,0.00,60.00,1240.00
1166,AslamKhan,"[{""from"":""Sumit bhai "",""amount"":""2000"",""type"":""cash""}]",10-07-2023,300.00,2000.00,1000.00,1300.00
1167,AslamKhan,,09-07-2023,1050.00,0.00,750.00,300.00
1168,AslamKhan,,08-07-2023,2050.00,0.00,1000.00,1050.00
1169,AslamKhan,"[{""from"":""Sumit sir"",""amount"":""10000"",""type"":""googlepay""},{""from"":""Sumit bhai "",""amount"":""12000"",""type"":""cash""}]",07-07-2023,2200.00,22000.00,22150.00,2050.00
1170,AslamKhan,"[{""from"":""Vandana Madam"",""amount"":""250000"",""type"":""cash""}]",06-07-2023,3590.00,250000.00,251390.00,2200.00
1171,AslamKhan,"[{""from"":""Sumit bhai "",""amount"":""10000"",""type"":""cash""}]",05-07-2023,520.00,10000.00,6930.00,3590.00
1172,AslamKhan,,04-07-2023,520.00,0.00,0.00,520.00
1173,AslamKhan,"[{""from"":""Sumit bhai "",""amount"":""8100 "",""type"":""cash""}]",03-07-2023,630.00,8100.00,8210.00,520.00
1174,AslamKhan,,02-07-2023,630.00,0.00,0.00,630.00
1175,AslamKhan,"[{""from"":""Sumit bhai "",""amount"":""69000"",""type"":""cash""}]",01-07-2023,430.00,69000.00,68800.00,630.00
1176,AslamKhan,,30-06-2023,4930.00,0.00,4500.00,430.00
1177,AslamKhan,,29-06-2023,4930.00,0.00,0.00,4930.00
1178,AslamKhan,,28-06-2023,14230.00,0.00,9300.00,4930.00
1179,AslamKhan,,27-06-2023,26650.00,0.00,12420.00,14230.00
1180,AslamKhan,"[{""from"":""Sumit bhai "",""amount"":""20000"",""type"":""cash""}]",26-06-2023,10919.00,20000.00,4269.00,26650.00
1181,AslamKhan,"[{""from"":""Sumit bhai "",""amount"":""20000"",""type"":""cash""}]",25-06-2023,1999.00,20000.00,11080.00,10919.00
1182,AslamKhan,,24-06-2023,1999.00,0.00,0.00,1999.00
1183,AslamKhan,"[{""from"":""Sumit bhai "",""amount"":""10000"",""type"":""cash""}]",23-06-2023,1999.00,10000.00,10000.00,1999.00
1184,AslamKhan,,22-06-2023,2149.00,0.00,150.00,1999.00
1185,AslamKhan,,21-06-2023,16989.00,0.00,14840.00,2149.00
1186,AslamKhan,"[{""from"":""Sumit bhai "",""amount"":""15000"",""type"":""cash""}]",20-06-2023,1989.00,15000.00,0.00,16989.00
1187,AslamKhan,,19-06-2023,1989.00,0.00,0.00,1989.00
1188,AslamKhan,,18-06-2023,4289.00,0.00,2300.00,1989.00
1189,AslamKhan,,17-06-2023,10589.00,0.00,6300.00,4289.00
1190,AslamKhan,"[{""from"":""Sumit bhai "",""amount"":""1020"",""type"":""googlepay""},{""from"":""Sumit bhai "",""amount"":""128000"",""type"":""cash""}]",16-06-2023,289.00,129020.00,118720.00,10589.00
1191,AslamKhan,,15-06-2023,289.00,0.00,0.00,289.00
1192,AslamKhan,,14-06-2023,389.00,0.00,100.00,289.00
1193,AslamKhan,"[{""from"":""Sumit bhai "",""amount"":""500"",""type"":""paytm""},{""from"":""Akshay "",""amount"":""6340"",""type"":""paytm""}]",13-06-2023,499.00,6840.00,6950.00,389.00
1194,AslamKhan,,12-06-2023,499.00,0.00,0.00,499.00
1195,AslamKhan,,11-06-2023,499.00,0.00,0.00,499.00
1196,AslamKhan,"[{""from"":""Akshay "",""amount"":""30000"",""type"":""cash""}]",10-06-2023,499.00,30000.00,30000.00,499.00
1197,AslamKhan,,09-06-2023,499.00,0.00,0.00,499.00
1198,AslamKhan,,08-06-2023,499.00,0.00,0.00,499.00
1199,AslamKhan,"[{""from"":""Sumit bhai "",""amount"":""40000"",""type"":""cash""},{""from"":""Sumit bhai "",""amount"":""28000"",""type"":""cash""}]",07-06-2023,2299.00,68000.00,69800.00,499.00
1200,AslamKhan,"[{""from"":""Sumit bhai "",""amount"":""4000"",""type"":""cash""},{""from"":""Sumit bhai "",""amount"":""8000 "",""type"":""googlepay""},{""from"":""Vishal bhai "",""amount"":""15000"",""type"":""googlepay""}]",06-06-2023,299.00,27000.00,25000.00,2299.00
1201,AslamKhan,"[{""from"":""Sumit Sir"",""amount"":""14520"",""type"":""googlepay""}]",05-06-2023,299.00,14520.00,14520.00,299.00
1202,AslamKhan,,04-06-2023,2099.00,0.00,1800.00,299.00
1203,AslamKhan,"[{""from"":""Sumit bhai "",""amount"":""8000"",""type"":""cash""}]",03-06-2023,359.00,8000.00,6260.00,2099.00
1204,AslamKhan,,02-06-2023,1469.00,0.00,1110.00,359.00
1205,AslamKhan,,01-06-2023,1469.00,0.00,0.00,1469.00
1206,AslamKhan,"[{""from"":""Irfan Engineer "",""amount"":""150000"",""type"":""cash""}]",31-05-2023,-316.00,150000.00,148215.00,1469.00
1207,AslamKhan,"[{""from"":""Sumit bhai "",""amount"":""5000"",""type"":""paytm""}]",30-05-2023,-316.00,5000.00,5000.00,-316.00
1208,AslamKhan,"[{""from"":""Manmender bhai "",""amount"":""450"",""type"":""paytm""}]",29-05-2023,-316.00,450.00,450.00,-316.00
1209,AslamKhan,,28-05-2023,-316.00,0.00,0.00,-316.00
1210,AslamKhan,"[{""from"":""Gaurav bhai "",""amount"":""680"",""type"":""paytm""}]",27-05-2023,774.00,680.00,1770.00,-316.00
1211,AslamKhan,"[{""from"":""Sumit bhai"",""amount"":""5000"",""type"":""paytm""}]",26-05-2023,774.00,5000.00,5000.00,774.00
1212,AslamKhan,"[{""from"":""Vishal bhai "",""amount"":""950"",""type"":""paytm""}]",25-05-2023,774.00,950.00,950.00,774.00
1213,AslamKhan,"[{""from"":""Akshay"",""amount"":""80000"",""type"":""cash""},{""from"":""Vishal Bhaiya"",""amount"":""400"",""type"":""paytm""}]",24-05-2023,24.00,80400.00,79650.00,774.00
1214,AslamKhan,"[{""from"":""0"",""amount"":""0"",""type"":""adjustment""}]",23-05-2023,224.00,0.00,200.00,24.00
1215,AslamKhan,"[{""from"":""0"",""amount"":""0"",""type"":""cash""},{""from"":""Manmender bhai "",""amount"":""400"",""type"":""paytm""}]",22-05-2023,224.00,400.00,400.00,224.00
1216,AslamKhan,"[{""from"":""0"",""amount"":""0"",""type"":""cash""}]",21-05-2023,224.00,0.00,0.00,224.00
1217,AslamKhan,"[{""from"":""0"",""amount"":""0"",""type"":""cash""}]",20-05-2023,20054.00,0.00,19830.00,224.00
1218,AslamKhan,"[{""from"":""Sumit Sir"",""amount"":""20000"",""type"":""cash""}]",19-05-2023,54.00,20000.00,0.00,20054.00
1219,AslamKhan,,18-05-2023,54.00,0.00,0.00,54.00
1220,AslamKhan,"[{""from"":""Sumit bhai "",""amount"":""5000"",""type"":""cash""}]",17-05-2023,3480.00,5000.00,8426.00,54.00
1221,AslamKhan,"[{""from"":""0"",""amount"":""0"",""type"":""cash""}]",16-05-2023,3480.00,0.00,0.00,3480.00
1222,AslamKhan,"[{""from"":""0"",""amount"":""0"",""type"":""cash""}]",15-05-2023,3480.00,0.00,0.00,3480.00
1223,AslamKhan,"[{""from"":""0"",""amount"":""0"",""type"":""cash""}]",14-05-2023,3480.00,0.00,0.00,3480.00
1224,AslamKhan,"[{""from"":""0"",""amount"":""0""}]",13-05-2023,3580.00,0.00,100.00,3480.00
